Order_ID,Order_Date,Ship_Date,Year,Month,Quarter,Region,State,Category,Product,Customer_ID,Customer_Name,Customer_Segment,Sales_Rep,Quantity,Unit_Price,Discount_Pct,Discount_Amount,Gross_Sales,Net_Sales,Unit_Cost,Total_Cost,Profit,Profit_Margin_Pct,Ship_Mode,Payment_Method,Order_Status,Returned
ORD-10001,2024-04-02,2024-04-04,2024,April,Q2,East,New York,Office Supplies,Stapler,CUST-1001,Bilal Khan,Consumer,A. Khan,12,269.7,0.0,0.0,3236.4,3236.4,169.14,2029.68,1206.72,37.29,Express,Cash,Delivered,No
ORD-10002,2024-07-23,2024-07-30,2024,July,Q3,South,Texas,Appliances,Air Purifier,CUST-1002,Emma Butt,Corporate,M. Ali,14,31.15,0.0,0.0,436.1,436.1,20.54,287.56,148.54,34.06,Standard,Bank Transfer,Delivered,No
ORD-10003,2023-03-30,2023-04-05,2023,March,Q1,East,New Jersey,Office Supplies,Notebook,CUST-1003,Omar Davis,Corporate,R. Ahmed,8,1347.53,0.2,2156.05,10780.24,8624.19,638.24,5105.92,3518.27,40.8,Standard,Credit Card,Cancelled,No
ORD-10004,2023-07-26,2023-07-30,2023,July,Q3,West,Washington,Electronics,Smartphone,CUST-1004,Liam Shaikh,Home Office,M. Ali,5,1141.72,0.15,856.29,5708.6,4852.31,569.49,2847.45,2004.86,41.32,Express,Cash,Shipped,No
ORD-10005,2024-07-06,2024-07-12,2024,July,Q3,West,California,Appliances,Microwave,CUST-1005,Bilal Shaikh,Corporate,T. Brown,12,1399.02,0.15,2518.24,16788.24,14270.0,983.31,11799.72,2470.28,17.31,Same Day,Credit Card,Processing,No
ORD-10006,2025-10-19,2025-10-23,2025,October,Q4,West,Oregon,Office Supplies,Stapler,CUST-1006,Hina Shaikh,Home Office,J. Chen,15,2287.65,0.25,8578.69,34314.75,25736.06,1127.49,16912.35,8823.71,34.29,Economy,Cash,Shipped,No
ORD-10007,2025-11-09,2025-11-13,2025,November,Q4,South,Florida,Furniture,Standing Desk,CUST-1007,Zain Smith,Corporate,T. Brown,2,1893.12,0.0,0.0,3786.24,3786.24,938.71,1877.42,1908.82,50.41,Economy,Cash,Delivered,No
ORD-10008,2024-06-30,2024-07-07,2024,June,Q2,North,Michigan,Electronics,Laptop,CUST-1008,Ava Khan,Home Office,J. Chen,11,860.34,0.1,946.37,9463.74,8517.37,499.37,5493.07,3024.3,35.51,Express,Cash,Returned,Yes
ORD-10009,2023-11-10,2023-11-13,2023,November,Q4,East,Massachusetts,Office Supplies,Stapler,CUST-1009,William Khan,Corporate,J. Chen,13,416.45,0.0,0.0,5413.85,5413.85,262.23,3408.99,2004.86,37.03,Express,Credit Card,Delivered,No
ORD-10010,2025-09-22,2025-09-29,2025,September,Q3,West,Oregon,Electronics,Laptop,CUST-1010,William Brown,Home Office,T. Brown,2,2445.29,0.0,0.0,4890.58,4890.58,1194.57,2389.14,2501.44,51.15,Express,Cash,Delivered,No
ORD-10011,2025-02-03,2025-02-07,2025,February,Q1,West,Oregon,Office Supplies,Pen Set,CUST-1011,Sara Chaudhry,Home Office,R. Ahmed,15,1301.18,0.0,0.0,19517.7,19517.7,682.3,10234.5,9283.2,47.56,Express,Credit Card,Delivered,No
ORD-10012,2023-05-19,2023-05-20,2023,May,Q2,East,Massachusetts,Electronics,Smartphone,CUST-1012,William Shaikh,Home Office,N. Patel,14,836.11,0.05,585.28,11705.54,11120.26,446.1,6245.4,4874.86,43.84,Express,Bank Transfer,Delivered,No
ORD-10013,2025-06-01,2025-06-04,2025,June,Q2,South,Texas,Electronics,Laptop,CUST-1013,Usman Khan,Corporate,M. Ali,7,1036.59,0.0,0.0,7256.13,7256.13,675.87,4731.09,2525.04,34.8,Express,Debit Card,Delivered,No
ORD-10014,2025-05-14,2025-05-16,2025,May,Q2,West,Oregon,Appliances,Coffee Maker,CUST-1014,James Ali,Home Office,A. Khan,5,1164.63,0.0,0.0,5823.15,5823.15,678.91,3394.55,2428.6,41.71,Standard,Debit Card,Delivered,No
ORD-10015,2024-03-13,2024-03-20,2024,March,Q1,West,Washington,Appliances,Microwave,CUST-1015,Olivia Butt,Corporate,J. Chen,7,2257.57,0.0,0.0,15802.99,15802.99,1272.57,8907.99,6895.0,43.63,Economy,Cash,Cancelled,No
ORD-10016,2024-03-21,2024-03-22,2024,March,Q1,South,Texas,Furniture,Bookshelf,CUST-1016,Bilal Khan,Home Office,S. Fatima,10,1843.31,0.0,0.0,18433.1,18433.1,1243.11,12431.1,6002.0,32.56,Standard,Cash,Delivered,No
ORD-10017,2023-05-20,2023-05-26,2023,May,Q2,East,New York,Electronics,Headphones,CUST-1017,Isabella Shaikh,Consumer,M. Ali,14,599.48,0.0,0.0,8392.72,8392.72,439.11,6147.54,2245.18,26.75,Economy,Cash,Delivered,No
ORD-10018,2024-02-23,2024-02-29,2024,February,Q1,Central,Ohio,Office Supplies,Notebook,CUST-1018,Omar Johnson,Consumer,A. Khan,12,795.75,0.1,954.9,9549.0,8594.1,452.57,5430.84,3163.26,36.81,Economy,Cash,Delivered,No
ORD-10019,2024-03-12,2024-03-17,2024,March,Q1,Central,Illinois,Electronics,Headphones,CUST-1019,Farhan Chaudhry,Corporate,J. Chen,5,344.15,0.15,258.11,1720.75,1462.64,245.81,1229.05,233.59,15.97,Standard,Cash,Delivered,No
ORD-10020,2024-06-25,2024-06-26,2024,June,Q2,North,Michigan,Electronics,Smartphone,CUST-1020,Mason Shaikh,Consumer,J. Chen,15,280.98,0.0,0.0,4214.7,4214.7,149.4,2241.0,1973.7,46.83,Economy,PayPal,Shipped,No
ORD-10021,2023-04-01,2023-04-02,2023,April,Q2,East,New York,Appliances,Microwave,CUST-1021,Ava Brown,Home Office,A. Khan,6,1931.23,0.1,1158.74,11587.38,10428.64,962.67,5776.02,4652.62,44.61,Standard,Credit Card,Shipped,No
ORD-10022,2023-10-31,2023-11-04,2023,October,Q4,West,Oregon,Electronics,Tablet,CUST-1022,Bilal Chaudhry,Consumer,M. Ali,3,118.94,0.15,53.52,356.82,303.3,85.6,256.8,46.5,15.33,Same Day,Cash,Delivered,No
ORD-10023,2023-11-29,2023-12-06,2023,November,Q4,South,Georgia,Furniture,Standing Desk,CUST-1023,Emma Smith,Home Office,R. Ahmed,13,454.98,0.2,1182.95,5914.74,4731.79,208.12,2705.56,2026.23,42.82,Same Day,Debit Card,Processing,No
ORD-10024,2024-03-31,2024-04-02,2024,March,Q1,East,New Jersey,Electronics,Monitor,CUST-1024,Farhan Shaikh,Consumer,T. Brown,14,2297.35,0.15,4824.44,32162.9,27338.46,1244.15,17418.1,9920.36,36.29,Same Day,PayPal,Delivered,No
ORD-10025,2024-11-09,2024-11-10,2024,November,Q4,East,New Jersey,Office Supplies,Pen Set,CUST-1025,Nida Khan,Corporate,L. Garcia,2,2194.44,0.1,438.89,4388.88,3949.99,1105.05,2210.1,1739.89,44.05,Same Day,Bank Transfer,Delivered,No
ORD-10026,2024-01-25,2024-01-28,2024,January,Q1,Central,Ohio,Electronics,Monitor,CUST-1026,James Shaikh,Consumer,L. Garcia,1,1776.33,0.0,0.0,1776.33,1776.33,1076.41,1076.41,699.92,39.4,Same Day,Credit Card,Delivered,No
ORD-10027,2024-10-30,2024-11-03,2024,October,Q4,North,Michigan,Office Supplies,Pen Set,CUST-1027,Olivia Malik,Corporate,T. Brown,12,749.7,0.0,0.0,8996.4,8996.4,380.51,4566.12,4430.28,49.25,Standard,PayPal,Shipped,No
ORD-10028,2024-10-21,2024-10-25,2024,October,Q4,North,Minnesota,Appliances,Air Purifier,CUST-1028,Zain Ali,Home Office,L. Garcia,8,1113.77,0.05,445.51,8910.16,8464.65,672.0,5376.0,3088.65,36.49,Standard,Debit Card,Delivered,No
ORD-10029,2023-02-20,2023-02-21,2023,February,Q1,North,Minnesota,Furniture,Standing Desk,CUST-1029,Isabella Shaikh,Corporate,N. Patel,4,2460.08,0.0,0.0,9840.32,9840.32,1443.14,5772.56,4067.76,41.34,Economy,Debit Card,Shipped,No
ORD-10030,2025-05-20,2025-05-22,2025,May,Q2,West,Oregon,Electronics,Laptop,CUST-1030,Farhan Ali,Corporate,L. Garcia,3,2013.21,0.25,1509.91,6039.63,4529.72,936.27,2808.81,1720.91,37.99,Economy,Cash,Delivered,No
ORD-10031,2025-08-30,2025-09-03,2025,August,Q3,Central,Missouri,Appliances,Coffee Maker,CUST-1031,Sophia Johnson,Corporate,N. Patel,5,1883.17,0.1,941.59,9415.85,8474.26,1280.07,6400.35,2073.91,24.47,Standard,PayPal,Shipped,No
ORD-10032,2023-06-15,2023-06-17,2023,June,Q2,West,Washington,Office Supplies,Notebook,CUST-1032,Sara Smith,Home Office,N. Patel,3,589.68,0.0,0.0,1769.04,1769.04,390.32,1170.96,598.08,33.81,Economy,Credit Card,Delivered,No
ORD-10033,2023-02-10,2023-02-17,2023,February,Q1,West,Washington,Appliances,Air Purifier,CUST-1033,Liam Butt,Corporate,R. Ahmed,15,1917.5,0.2,5752.5,28762.5,23010.0,1137.26,17058.9,5951.1,25.86,Economy,Debit Card,Processing,No
ORD-10034,2025-03-07,2025-03-10,2025,March,Q1,North,Wisconsin,Appliances,Coffee Maker,CUST-1034,Ava Malik,Home Office,A. Khan,11,1702.67,0.2,3745.87,18729.37,14983.5,1136.11,12497.21,2486.29,16.59,Economy,Cash,Returned,Yes
ORD-10035,2025-05-27,2025-05-29,2025,May,Q2,Central,Ohio,Electronics,Laptop,CUST-1035,Emma Shaikh,Corporate,T. Brown,14,1162.32,0.0,0.0,16272.48,16272.48,613.76,8592.64,7679.84,47.2,Same Day,Bank Transfer,Delivered,No
ORD-10036,2023-04-17,2023-04-20,2023,April,Q2,North,Minnesota,Appliances,Coffee Maker,CUST-1036,Farhan Shaikh,Home Office,S. Fatima,4,1630.61,0.0,0.0,6522.44,6522.44,1102.73,4410.92,2111.52,32.37,Express,Debit Card,Processing,No
ORD-10037,2024-03-22,2024-03-26,2024,March,Q1,South,Georgia,Electronics,Headphones,CUST-1037,Mason Ali,Consumer,J. Chen,12,651.77,0.15,1173.19,7821.24,6648.05,326.1,3913.2,2734.85,41.14,Standard,Cash,Processing,No
ORD-10038,2024-02-11,2024-02-12,2024,February,Q1,East,New Jersey,Appliances,Microwave,CUST-1038,Omar Davis,Home Office,A. Khan,10,1731.18,0.05,865.59,17311.8,16446.21,831.95,8319.5,8126.71,49.41,Same Day,Cash,Processing,No
ORD-10039,2025-11-02,2025-11-08,2025,November,Q4,South,Georgia,Office Supplies,Printer Paper,CUST-1039,Usman Smith,Home Office,N. Patel,6,46.44,0.2,55.73,278.64,222.91,32.35,194.1,28.81,12.92,Express,Bank Transfer,Returned,Yes
ORD-10040,2025-08-10,2025-08-14,2025,August,Q3,West,Oregon,Office Supplies,Pen Set,CUST-1040,Farhan Ali,Corporate,R. Ahmed,14,1831.6,0.1,2564.24,25642.4,23078.16,1001.32,14018.48,9059.68,39.26,Economy,Cash,Delivered,No
ORD-10041,2023-02-28,2023-03-04,2023,February,Q1,Central,Ohio,Appliances,Microwave,CUST-1041,Nida Chaudhry,Home Office,J. Chen,14,822.66,0.25,2879.31,11517.24,8637.93,422.55,5915.7,2722.23,31.51,Standard,Cash,Delivered,No
ORD-10042,2025-09-27,2025-10-02,2025,September,Q3,West,California,Furniture,Filing Cabinet,CUST-1042,William Johnson,Consumer,J. Chen,13,612.2,0.25,1989.65,7958.6,5968.95,394.12,5123.56,845.39,14.16,Express,Bank Transfer,Processing,No
ORD-10043,2025-12-23,2025-12-26,2025,December,Q4,West,Washington,Office Supplies,Pen Set,CUST-1043,Ava Butt,Consumer,M. Ali,7,2491.63,0.15,2616.21,17441.41,14825.2,1384.21,9689.47,5135.73,34.64,Express,PayPal,Delivered,No
ORD-10044,2024-03-19,2024-03-25,2024,March,Q1,East,Massachusetts,Furniture,Standing Desk,CUST-1044,Mariam Butt,Consumer,J. Chen,8,702.1,0.1,561.68,5616.8,5055.12,522.47,4179.76,875.36,17.32,Standard,Cash,Delivered,No
ORD-10045,2024-08-21,2024-08-27,2024,August,Q3,West,Washington,Electronics,Laptop,CUST-1045,Ayesha Davis,Corporate,N. Patel,3,1600.11,0.25,1200.08,4800.33,3600.25,769.29,2307.87,1292.38,35.9,Same Day,Debit Card,Delivered,No
ORD-10046,2023-05-14,2023-05-18,2023,May,Q2,East,New Jersey,Appliances,Coffee Maker,CUST-1046,Isabella Butt,Consumer,M. Ali,8,199.09,0.0,0.0,1592.72,1592.72,98.65,789.2,803.52,50.45,Economy,Cash,Delivered,No
ORD-10047,2025-07-11,2025-07-15,2025,July,Q3,Central,Ohio,Furniture,Filing Cabinet,CUST-1047,Mason Khan,Home Office,M. Ali,5,2152.51,0.2,2152.51,10762.55,8610.04,1165.83,5829.15,2780.89,32.3,Express,Debit Card,Shipped,No
ORD-10048,2024-05-06,2024-05-08,2024,May,Q2,North,Michigan,Electronics,Smartphone,CUST-1048,Mason Johnson,Consumer,J. Chen,9,201.54,0.0,0.0,1813.86,1813.86,115.39,1038.51,775.35,42.75,Same Day,Bank Transfer,Delivered,No
ORD-10049,2024-02-10,2024-02-14,2024,February,Q1,East,Massachusetts,Furniture,Bookshelf,CUST-1049,Hina Ali,Corporate,J. Chen,2,1368.24,0.0,0.0,2736.48,2736.48,988.59,1977.18,759.3,27.75,Economy,Credit Card,Delivered,No
ORD-10050,2024-07-11,2024-07-16,2024,July,Q3,South,Georgia,Office Supplies,Pen Set,CUST-1050,Noah Chaudhry,Consumer,M. Ali,9,1242.08,0.0,0.0,11178.72,11178.72,781.78,7036.02,4142.7,37.06,Express,Cash,Shipped,No
ORD-10051,2023-12-25,2023-12-29,2023,December,Q4,Central,Illinois,Office Supplies,Printer Paper,CUST-1051,Isabella Smith,Corporate,M. Ali,9,1634.0,0.1,1470.6,14706.0,13235.4,824.27,7418.43,5816.97,43.95,Economy,PayPal,Shipped,No
ORD-10052,2023-11-26,2023-11-29,2023,November,Q4,South,Florida,Office Supplies,Printer Paper,CUST-1052,Olivia Brown,Consumer,L. Garcia,7,1738.78,0.1,1217.15,12171.46,10954.31,1128.08,7896.56,3057.75,27.91,Same Day,PayPal,Delivered,No
ORD-10053,2025-08-04,2025-08-08,2025,August,Q3,East,New Jersey,Electronics,Headphones,CUST-1053,William Johnson,Consumer,J. Chen,1,481.14,0.15,72.17,481.14,408.97,306.39,306.39,102.58,25.08,Express,PayPal,Processing,No
ORD-10054,2023-03-01,2023-03-07,2023,March,Q1,South,Georgia,Appliances,Coffee Maker,CUST-1054,Ayesha Brown,Consumer,M. Ali,10,2001.29,0.0,0.0,20012.9,20012.9,1087.15,10871.5,9141.4,45.68,Economy,Credit Card,Delivered,No
ORD-10055,2025-04-30,2025-05-07,2025,April,Q2,West,Washington,Office Supplies,Notebook,CUST-1055,Hina Smith,Home Office,S. Fatima,8,2450.91,0.05,980.36,19607.28,18626.92,1438.77,11510.16,7116.76,38.21,Standard,PayPal,Delivered,No
ORD-10056,2024-08-02,2024-08-08,2024,August,Q3,South,Florida,Office Supplies,Printer Paper,CUST-1056,Ava Brown,Corporate,T. Brown,5,2096.13,0.25,2620.16,10480.65,7860.49,1487.37,7436.85,423.64,5.39,Economy,PayPal,Delivered,No
ORD-10057,2024-04-23,2024-04-30,2024,April,Q2,West,Oregon,Furniture,Filing Cabinet,CUST-1057,Olivia Smith,Home Office,S. Fatima,13,1035.78,0.15,2019.77,13465.14,11445.37,697.51,9067.63,2377.74,20.77,Economy,Credit Card,Returned,Yes
ORD-10058,2025-06-20,2025-06-21,2025,June,Q2,West,Oregon,Office Supplies,Printer Paper,CUST-1058,Noah Malik,Corporate,L. Garcia,9,2277.45,0.0,0.0,20497.05,20497.05,1518.45,13666.05,6831.0,33.33,Economy,Credit Card,Delivered,No
ORD-10059,2025-09-26,2025-10-03,2025,September,Q3,North,Michigan,Appliances,Microwave,CUST-1059,Omar Shaikh,Corporate,M. Ali,9,104.21,0.0,0.0,937.89,937.89,54.23,488.07,449.82,47.96,Standard,Bank Transfer,Shipped,No
ORD-10060,2023-04-05,2023-04-08,2023,April,Q2,West,Oregon,Office Supplies,Printer Paper,CUST-1060,Hina Shaikh,Home Office,S. Fatima,13,154.46,0.15,301.2,2007.98,1706.78,86.88,1129.44,577.34,33.83,Express,Debit Card,Delivered,No
ORD-10061,2024-05-08,2024-05-12,2024,May,Q2,East,Massachusetts,Appliances,Air Purifier,CUST-1061,Nida Johnson,Consumer,N. Patel,15,1464.15,0.05,1098.11,21962.25,20864.14,861.43,12921.45,7942.69,38.07,Same Day,Cash,Delivered,No
ORD-10062,2024-09-04,2024-09-10,2024,September,Q3,West,California,Appliances,Microwave,CUST-1062,Mariam Smith,Consumer,R. Ahmed,7,1730.43,0.25,3028.25,12113.01,9084.76,1217.52,8522.64,562.12,6.19,Economy,Cash,Cancelled,No
ORD-10063,2023-02-14,2023-02-21,2023,February,Q1,North,Michigan,Office Supplies,Notebook,CUST-1063,Bilal Davis,Corporate,R. Ahmed,11,998.58,0.0,0.0,10984.38,10984.38,618.9,6807.9,4176.48,38.02,Same Day,Debit Card,Shipped,No
ORD-10064,2023-07-18,2023-07-24,2023,July,Q3,West,Oregon,Office Supplies,Stapler,CUST-1064,Liam Malik,Corporate,L. Garcia,11,112.97,0.25,310.67,1242.67,932.0,51.97,571.67,360.33,38.66,Economy,Debit Card,Delivered,No
ORD-10065,2023-12-03,2023-12-06,2023,December,Q4,West,California,Office Supplies,Notebook,CUST-1065,Omar Chaudhry,Corporate,M. Ali,15,2064.35,0.25,7741.31,30965.25,23223.94,1528.06,22920.9,303.04,1.3,Express,Debit Card,Processing,No
ORD-10066,2025-03-19,2025-03-20,2025,March,Q1,South,Georgia,Office Supplies,Printer Paper,CUST-1066,Nida Davis,Home Office,L. Garcia,5,1348.38,0.25,1685.47,6741.9,5056.43,755.87,3779.35,1277.08,25.26,Standard,Debit Card,Delivered,No
ORD-10067,2023-05-10,2023-05-16,2023,May,Q2,South,Texas,Office Supplies,Stapler,CUST-1067,Usman Malik,Consumer,J. Chen,14,1168.7,0.1,1636.18,16361.8,14725.62,753.54,10549.56,4176.06,28.36,Economy,Credit Card,Delivered,No
ORD-10068,2025-07-18,2025-07-21,2025,July,Q3,East,New York,Furniture,Filing Cabinet,CUST-1068,Hina Smith,Corporate,T. Brown,11,2374.21,0.2,5223.26,26116.31,20893.05,1486.74,16354.14,4538.91,21.72,Same Day,Credit Card,Shipped,No
ORD-10069,2024-04-28,2024-05-05,2024,April,Q2,North,Minnesota,Appliances,Microwave,CUST-1069,Liam Khan,Consumer,M. Ali,6,261.9,0.15,235.71,1571.4,1335.69,160.63,963.78,371.91,27.84,Economy,Credit Card,Delivered,No
ORD-10070,2024-11-14,2024-11-16,2024,November,Q4,West,Oregon,Electronics,Laptop,CUST-1070,James Shaikh,Consumer,L. Garcia,3,1970.64,0.05,295.6,5911.92,5616.32,927.35,2782.05,2834.27,50.46,Express,Cash,Delivered,No
ORD-10071,2024-05-28,2024-06-04,2024,May,Q2,East,New Jersey,Furniture,Standing Desk,CUST-1071,Liam Shaikh,Consumer,S. Fatima,3,288.17,0.0,0.0,864.51,864.51,141.07,423.21,441.3,51.05,Same Day,Credit Card,Delivered,No
ORD-10072,2023-08-21,2023-08-27,2023,August,Q3,West,Oregon,Appliances,Air Purifier,CUST-1072,Usman Johnson,Home Office,A. Khan,2,1198.47,0.15,359.54,2396.94,2037.4,723.84,1447.68,589.72,28.94,Same Day,Bank Transfer,Delivered,No
ORD-10073,2025-05-23,2025-05-29,2025,May,Q2,East,New York,Appliances,Microwave,CUST-1073,Sara Chaudhry,Consumer,S. Fatima,2,1233.32,0.25,616.66,2466.64,1849.98,582.19,1164.38,685.6,37.06,Same Day,Cash,Shipped,No
ORD-10074,2025-12-22,2025-12-25,2025,December,Q4,Central,Ohio,Office Supplies,Pen Set,CUST-1074,Usman Brown,Consumer,T. Brown,8,1271.29,0.2,2034.06,10170.32,8136.26,609.91,4879.28,3256.98,40.03,Economy,Debit Card,Shipped,No
ORD-10075,2025-05-01,2025-05-07,2025,May,Q2,South,Florida,Appliances,Microwave,CUST-1075,Liam Malik,Corporate,M. Ali,2,791.68,0.15,237.5,1583.36,1345.86,514.22,1028.44,317.42,23.58,Standard,Credit Card,Shipped,No
ORD-10076,2023-09-24,2023-09-29,2023,September,Q3,East,New Jersey,Electronics,Tablet,CUST-1076,Noah Chaudhry,Corporate,A. Khan,1,1472.37,0.15,220.86,1472.37,1251.51,958.52,958.52,292.99,23.41,Same Day,Cash,Cancelled,No
ORD-10077,2025-11-05,2025-11-07,2025,November,Q4,North,Wisconsin,Electronics,Headphones,CUST-1077,Liam Brown,Corporate,R. Ahmed,3,1646.99,0.05,247.05,4940.97,4693.92,1159.78,3479.34,1214.58,25.88,Economy,Cash,Delivered,No
ORD-10078,2024-07-01,2024-07-02,2024,July,Q3,Central,Ohio,Electronics,Headphones,CUST-1078,Liam Khan,Consumer,T. Brown,3,694.08,0.1,208.22,2082.24,1874.02,504.22,1512.66,361.36,19.28,Standard,Debit Card,Delivered,No
ORD-10079,2025-05-09,2025-05-13,2025,May,Q2,East,New York,Furniture,Filing Cabinet,CUST-1079,Isabella Davis,Consumer,S. Fatima,6,406.16,0.1,243.7,2436.96,2193.26,270.7,1624.2,569.06,25.95,Express,Cash,Delivered,No
ORD-10080,2025-06-26,2025-07-02,2025,June,Q2,East,Massachusetts,Electronics,Tablet,CUST-1080,Mariam Brown,Corporate,M. Ali,7,1221.87,0.25,2138.27,8553.09,6414.82,701.67,4911.69,1503.13,23.43,Same Day,Cash,Delivered,No
ORD-10081,2024-03-27,2024-03-31,2024,March,Q1,South,Georgia,Office Supplies,Printer Paper,CUST-1081,Mariam Malik,Corporate,L. Garcia,10,151.13,0.05,75.56,1511.3,1435.74,81.67,816.7,619.04,43.12,Standard,Credit Card,Processing,No
ORD-10082,2023-09-22,2023-09-26,2023,September,Q3,South,Georgia,Appliances,Coffee Maker,CUST-1082,Bilal Smith,Consumer,L. Garcia,9,1763.62,0.15,2380.89,15872.58,13491.69,831.76,7485.84,6005.85,44.52,Economy,Cash,Delivered,No
ORD-10083,2023-08-24,2023-08-28,2023,August,Q3,South,Georgia,Appliances,Microwave,CUST-1083,Mason Johnson,Corporate,M. Ali,1,2416.01,0.0,0.0,2416.01,2416.01,1668.01,1668.01,748.0,30.96,Economy,Credit Card,Processing,No
ORD-10084,2023-06-11,2023-06-15,2023,June,Q2,West,Washington,Appliances,Air Purifier,CUST-1084,Zain Ali,Consumer,R. Ahmed,14,786.03,0.15,1650.66,11004.42,9353.76,405.96,5683.44,3670.32,39.24,Same Day,PayPal,Delivered,No
ORD-10085,2024-06-08,2024-06-10,2024,June,Q2,West,California,Electronics,Smartphone,CUST-1085,William Johnson,Home Office,N. Patel,3,1511.96,0.0,0.0,4535.88,4535.88,760.73,2282.19,2253.69,49.69,Same Day,PayPal,Processing,No
ORD-10086,2025-06-24,2025-06-30,2025,June,Q2,West,Washington,Electronics,Monitor,CUST-1086,Sara Butt,Consumer,A. Khan,5,1993.88,0.0,0.0,9969.4,9969.4,1107.77,5538.85,4430.55,44.44,Same Day,PayPal,Delivered,No
ORD-10087,2025-11-04,2025-11-08,2025,November,Q4,East,Massachusetts,Electronics,Headphones,CUST-1087,Isabella Shaikh,Corporate,S. Fatima,8,1457.12,0.0,0.0,11656.96,11656.96,852.3,6818.4,4838.56,41.51,Standard,Bank Transfer,Delivered,No
ORD-10088,2023-12-20,2023-12-21,2023,December,Q4,East,New Jersey,Electronics,Headphones,CUST-1088,Mason Malik,Corporate,T. Brown,4,1773.44,0.25,1773.44,7093.76,5320.32,1076.87,4307.48,1012.84,19.04,Economy,PayPal,Delivered,No
ORD-10089,2024-11-06,2024-11-07,2024,November,Q4,Central,Illinois,Office Supplies,Printer Paper,CUST-1089,Mason Malik,Home Office,S. Fatima,9,1700.77,0.1,1530.69,15306.93,13776.24,893.92,8045.28,5730.96,41.6,Same Day,PayPal,Delivered,No
ORD-10090,2025-02-10,2025-02-16,2025,February,Q1,South,Texas,Electronics,Tablet,CUST-1090,Sophia Ali,Corporate,L. Garcia,13,831.26,0.0,0.0,10806.38,10806.38,541.18,7035.34,3771.04,34.9,Standard,PayPal,Shipped,No
ORD-10091,2025-09-22,2025-09-24,2025,September,Q3,North,Minnesota,Furniture,Bookshelf,CUST-1091,Usman Brown,Home Office,A. Khan,4,2499.94,0.0,0.0,9999.76,9999.76,1182.85,4731.4,5268.36,52.68,Same Day,Cash,Processing,No
ORD-10092,2023-11-29,2023-12-01,2023,November,Q4,West,Oregon,Appliances,Coffee Maker,CUST-1092,Bilal Smith,Home Office,R. Ahmed,14,1736.72,0.0,0.0,24314.08,24314.08,1157.27,16201.78,8112.3,33.36,Economy,Cash,Delivered,No
ORD-10093,2025-12-29,2025-12-31,2025,December,Q4,North,Michigan,Appliances,Coffee Maker,CUST-1093,Mariam Chaudhry,Home Office,N. Patel,5,2414.51,0.25,3018.14,12072.55,9054.41,1741.33,8706.65,347.76,3.84,Economy,PayPal,Shipped,No
ORD-10094,2024-02-13,2024-02-20,2024,February,Q1,South,Georgia,Appliances,Coffee Maker,CUST-1094,William Chaudhry,Consumer,M. Ali,10,358.92,0.1,358.92,3589.2,3230.28,167.13,1671.3,1558.98,48.26,Same Day,Credit Card,Delivered,No
ORD-10095,2023-10-29,2023-11-05,2023,October,Q4,West,Washington,Appliances,Air Purifier,CUST-1095,Liam Khan,Corporate,L. Garcia,7,242.91,0.05,85.02,1700.37,1615.35,168.83,1181.81,433.54,26.84,Express,Bank Transfer,Delivered,No
ORD-10096,2024-10-14,2024-10-15,2024,October,Q4,East,New Jersey,Furniture,Office Chair,CUST-1096,Hina Khan,Corporate,S. Fatima,14,1791.04,0.15,3761.18,25074.56,21313.38,1231.19,17236.66,4076.72,19.13,Economy,Bank Transfer,Delivered,No
ORD-10097,2024-06-08,2024-06-10,2024,June,Q2,Central,Illinois,Electronics,Laptop,CUST-1097,Omar Shaikh,Consumer,R. Ahmed,14,386.56,0.2,1082.37,5411.84,4329.47,186.85,2615.9,1713.57,39.58,Economy,Cash,Delivered,No
ORD-10098,2023-02-03,2023-02-09,2023,February,Q1,South,Texas,Electronics,Monitor,CUST-1098,Ayesha Davis,Home Office,T. Brown,9,1443.99,0.0,0.0,12995.91,12995.91,775.97,6983.73,6012.18,46.26,Express,Credit Card,Delivered,No
ORD-10099,2025-11-05,2025-11-12,2025,November,Q4,Central,Missouri,Electronics,Headphones,CUST-1099,Bilal Smith,Corporate,A. Khan,9,1392.07,0.2,2505.73,12528.63,10022.9,991.15,8920.35,1102.55,11.0,Same Day,Credit Card,Returned,Yes
ORD-10100,2024-11-11,2024-11-13,2024,November,Q4,North,Minnesota,Electronics,Headphones,CUST-1100,Zain Johnson,Corporate,S. Fatima,1,890.46,0.15,133.57,890.46,756.89,618.03,618.03,138.86,18.35,Express,Credit Card,Returned,Yes
ORD-10101,2023-03-31,2023-04-07,2023,March,Q1,South,Texas,Office Supplies,Stapler,CUST-1101,Sophia Smith,Home Office,N. Patel,4,2216.19,0.15,1329.71,8864.76,7535.05,1617.84,6471.36,1063.69,14.12,Same Day,Credit Card,Returned,Yes
ORD-10102,2024-11-10,2024-11-13,2024,November,Q4,West,Washington,Office Supplies,Printer Paper,CUST-1102,Ava Smith,Consumer,N. Patel,2,2001.37,0.2,800.55,4002.74,3202.19,1434.67,2869.34,332.85,10.39,Economy,PayPal,Delivered,No
ORD-10103,2023-06-11,2023-06-15,2023,June,Q2,Central,Missouri,Electronics,Monitor,CUST-1103,Emma Ali,Home Office,J. Chen,10,2487.82,0.0,0.0,24878.2,24878.2,1526.63,15266.3,9611.9,38.64,Same Day,Bank Transfer,Delivered,No
ORD-10104,2025-06-28,2025-07-01,2025,June,Q2,Central,Ohio,Appliances,Coffee Maker,CUST-1104,Noah Butt,Consumer,M. Ali,8,120.25,0.15,144.3,962.0,817.7,76.29,610.32,207.38,25.36,Economy,PayPal,Shipped,No
ORD-10105,2023-10-20,2023-10-27,2023,October,Q4,Central,Ohio,Furniture,Office Chair,CUST-1105,Sara Shaikh,Corporate,L. Garcia,10,1700.05,0.25,4250.12,17000.5,12750.38,782.77,7827.7,4922.68,38.61,Economy,Cash,Processing,No
ORD-10106,2025-01-29,2025-02-01,2025,January,Q1,East,Massachusetts,Furniture,Filing Cabinet,CUST-1106,Olivia Chaudhry,Consumer,M. Ali,8,1911.26,0.0,0.0,15290.08,15290.08,1163.65,9309.2,5980.88,39.12,Standard,Debit Card,Shipped,No
ORD-10107,2023-08-30,2023-09-02,2023,August,Q3,South,Georgia,Appliances,Air Purifier,CUST-1107,Mason Butt,Corporate,R. Ahmed,13,661.82,0.25,2150.91,8603.66,6452.75,340.42,4425.46,2027.29,31.42,Standard,Debit Card,Shipped,No
ORD-10108,2023-06-29,2023-07-06,2023,June,Q2,East,New Jersey,Furniture,Filing Cabinet,CUST-1108,Sara Brown,Corporate,S. Fatima,11,2419.39,0.15,3991.99,26613.29,22621.3,1573.45,17307.95,5313.35,23.49,Express,PayPal,Delivered,No
ORD-10109,2023-10-12,2023-10-14,2023,October,Q4,Central,Illinois,Electronics,Smartphone,CUST-1109,Liam Johnson,Home Office,S. Fatima,13,1242.64,0.15,2423.15,16154.32,13731.17,765.72,9954.36,3776.81,27.51,Standard,Credit Card,Processing,No
ORD-10110,2025-04-21,2025-04-28,2025,April,Q2,North,Wisconsin,Appliances,Air Purifier,CUST-1110,Emma Ali,Home Office,L. Garcia,7,2061.0,0.0,0.0,14427.0,14427.0,1004.94,7034.58,7392.42,51.24,Express,Cash,Delivered,No
ORD-10111,2025-10-26,2025-11-02,2025,October,Q4,Central,Illinois,Furniture,Filing Cabinet,CUST-1111,Zain Chaudhry,Consumer,L. Garcia,1,2081.01,0.0,0.0,2081.01,2081.01,1126.32,1126.32,954.69,45.88,Same Day,Credit Card,Returned,Yes
ORD-10112,2024-09-12,2024-09-17,2024,September,Q3,North,Minnesota,Office Supplies,Stapler,CUST-1112,Isabella Malik,Home Office,L. Garcia,9,247.17,0.0,0.0,2224.53,2224.53,155.11,1395.99,828.54,37.25,Standard,Credit Card,Delivered,No
ORD-10113,2025-05-03,2025-05-08,2025,May,Q2,East,New York,Office Supplies,Stapler,CUST-1113,Omar Johnson,Home Office,T. Brown,11,90.26,0.1,99.29,992.86,893.57,58.0,638.0,255.57,28.6,Same Day,Bank Transfer,Delivered,No
ORD-10114,2025-06-19,2025-06-23,2025,June,Q2,East,Massachusetts,Electronics,Smartphone,CUST-1114,Emma Chaudhry,Corporate,T. Brown,8,1169.14,0.15,1402.97,9353.12,7950.15,738.89,5911.12,2039.03,25.65,Express,PayPal,Shipped,No
ORD-10115,2024-05-10,2024-05-14,2024,May,Q2,Central,Ohio,Electronics,Tablet,CUST-1115,Bilal Butt,Home Office,T. Brown,2,679.67,0.05,67.97,1359.34,1291.37,334.58,669.16,622.21,48.18,Express,Debit Card,Returned,Yes
ORD-10116,2023-11-23,2023-11-27,2023,November,Q4,North,Michigan,Office Supplies,Stapler,CUST-1116,Sara Smith,Consumer,R. Ahmed,9,1175.04,0.1,1057.54,10575.36,9517.82,704.1,6336.9,3180.92,33.42,Same Day,Credit Card,Delivered,No
ORD-10117,2025-08-21,2025-08-24,2025,August,Q3,East,New Jersey,Appliances,Air Purifier,CUST-1117,Nida Chaudhry,Corporate,A. Khan,9,35.32,0.0,0.0,317.88,317.88,20.46,184.14,133.74,42.07,Economy,Credit Card,Processing,No
ORD-10118,2024-08-14,2024-08-15,2024,August,Q3,Central,Ohio,Furniture,Bookshelf,CUST-1118,Mason Davis,Consumer,T. Brown,7,1268.07,0.1,887.65,8876.49,7988.84,884.6,6192.2,1796.64,22.49,Same Day,PayPal,Delivered,No
ORD-10119,2025-11-08,2025-11-12,2025,November,Q4,Central,Missouri,Furniture,Standing Desk,CUST-1119,Emma Johnson,Consumer,S. Fatima,9,115.03,0.0,0.0,1035.27,1035.27,56.49,508.41,526.86,50.89,Same Day,Cash,Delivered,No
ORD-10120,2024-09-04,2024-09-09,2024,September,Q3,North,Minnesota,Appliances,Air Purifier,CUST-1120,Omar Johnson,Corporate,L. Garcia,6,1275.68,0.25,1913.52,7654.08,5740.56,845.29,5071.74,668.82,11.65,Standard,Bank Transfer,Processing,No
ORD-10121,2025-08-29,2025-09-01,2025,August,Q3,Central,Missouri,Electronics,Headphones,CUST-1121,Isabella Johnson,Home Office,T. Brown,11,1960.52,0.05,1078.29,21565.72,20487.43,1306.53,14371.83,6115.6,29.85,Express,Debit Card,Delivered,No
ORD-10122,2023-02-08,2023-02-12,2023,February,Q1,East,Massachusetts,Electronics,Smartphone,CUST-1122,Noah Brown,Corporate,A. Khan,6,1055.67,0.2,1266.8,6334.02,5067.22,693.73,4162.38,904.84,17.86,Express,Cash,Processing,No
ORD-10123,2025-12-12,2025-12-16,2025,December,Q4,West,Oregon,Office Supplies,Pen Set,CUST-1123,Emma Brown,Home Office,J. Chen,6,2392.36,0.25,3588.54,14354.16,10765.62,1731.2,10387.2,378.42,3.52,Economy,Debit Card,Delivered,No
ORD-10124,2024-09-01,2024-09-08,2024,September,Q3,West,Washington,Office Supplies,Stapler,CUST-1124,Liam Brown,Home Office,J. Chen,5,1766.68,0.25,2208.35,8833.4,6625.05,963.04,4815.2,1809.85,27.32,Same Day,Credit Card,Returned,Yes
ORD-10125,2024-12-07,2024-12-14,2024,December,Q4,Central,Ohio,Appliances,Microwave,CUST-1125,Sara Chaudhry,Home Office,J. Chen,13,378.99,0.0,0.0,4926.87,4926.87,203.25,2642.25,2284.62,46.37,Economy,Debit Card,Cancelled,No
ORD-10126,2023-10-09,2023-10-10,2023,October,Q4,West,Oregon,Office Supplies,Notebook,CUST-1126,Sophia Shaikh,Consumer,M. Ali,10,1856.11,0.05,928.05,18561.1,17633.05,970.26,9702.6,7930.45,44.97,Economy,PayPal,Shipped,No
ORD-10127,2023-11-20,2023-11-24,2023,November,Q4,South,Texas,Furniture,Office Chair,CUST-1127,Mariam Butt,Home Office,A. Khan,11,2338.55,0.25,6431.01,25724.05,19293.04,1387.31,15260.41,4032.63,20.9,Standard,Cash,Delivered,No
ORD-10128,2025-05-05,2025-05-12,2025,May,Q2,West,Oregon,Electronics,Smartphone,CUST-1128,Olivia Johnson,Home Office,J. Chen,3,2335.8,0.0,0.0,7007.4,7007.4,1749.87,5249.61,1757.79,25.08,Standard,Credit Card,Delivered,No
ORD-10129,2024-08-05,2024-08-09,2024,August,Q3,North,Michigan,Electronics,Tablet,CUST-1129,Hina Brown,Consumer,M. Ali,11,1365.1,0.25,3754.03,15016.1,11262.07,978.47,10763.17,498.9,4.43,Same Day,Debit Card,Delivered,No
ORD-10130,2023-01-29,2023-02-04,2023,January,Q1,South,Georgia,Office Supplies,Stapler,CUST-1130,Olivia Smith,Consumer,T. Brown,6,1980.06,0.05,594.02,11880.36,11286.34,995.27,5971.62,5314.72,47.09,Standard,Debit Card,Delivered,No
ORD-10131,2023-01-14,2023-01-17,2023,January,Q1,West,Washington,Office Supplies,Stapler,CUST-1131,Omar Davis,Consumer,J. Chen,7,600.27,0.1,420.19,4201.89,3781.7,441.93,3093.51,688.19,18.2,Same Day,Debit Card,Shipped,No
ORD-10132,2024-09-20,2024-09-22,2024,September,Q3,East,Massachusetts,Electronics,Monitor,CUST-1132,Omar Chaudhry,Consumer,S. Fatima,7,1719.89,0.1,1203.92,12039.23,10835.31,1130.12,7910.84,2924.47,26.99,Economy,Debit Card,Shipped,No
ORD-10133,2025-08-22,2025-08-29,2025,August,Q3,South,Georgia,Office Supplies,Pen Set,CUST-1133,Mason Ali,Home Office,L. Garcia,9,2007.96,0.05,903.58,18071.64,17168.06,1362.52,12262.68,4905.38,28.57,Standard,Cash,Delivered,No
ORD-10134,2023-12-03,2023-12-06,2023,December,Q4,East,New York,Furniture,Standing Desk,CUST-1134,Isabella Johnson,Home Office,N. Patel,14,1308.05,0.0,0.0,18312.7,18312.7,855.58,11978.12,6334.58,34.59,Standard,Bank Transfer,Delivered,No
ORD-10135,2023-04-29,2023-05-04,2023,April,Q2,West,Oregon,Appliances,Microwave,CUST-1135,Olivia Butt,Home Office,R. Ahmed,8,1686.83,0.1,1349.46,13494.64,12145.18,1125.09,9000.72,3144.46,25.89,Standard,Credit Card,Processing,No
ORD-10136,2023-05-04,2023-05-05,2023,May,Q2,South,Florida,Electronics,Headphones,CUST-1136,Hina Smith,Corporate,N. Patel,15,1188.1,0.1,1782.15,17821.5,16039.35,680.38,10205.7,5833.65,36.37,Economy,Bank Transfer,Delivered,No
ORD-10137,2023-08-31,2023-09-02,2023,August,Q3,East,Massachusetts,Furniture,Bookshelf,CUST-1137,Farhan Khan,Corporate,N. Patel,9,991.75,0.0,0.0,8925.75,8925.75,662.84,5965.56,2960.19,33.16,Economy,Cash,Processing,No
ORD-10138,2024-12-09,2024-12-11,2024,December,Q4,South,Texas,Furniture,Filing Cabinet,CUST-1138,Noah Davis,Consumer,R. Ahmed,5,483.37,0.0,0.0,2416.85,2416.85,222.19,1110.95,1305.9,54.03,Express,Credit Card,Processing,No
ORD-10139,2023-04-10,2023-04-12,2023,April,Q2,East,Massachusetts,Electronics,Monitor,CUST-1139,Mariam Khan,Corporate,R. Ahmed,12,124.93,0.25,374.79,1499.16,1124.37,65.0,780.0,344.37,30.63,Same Day,Cash,Delivered,No
ORD-10140,2024-09-10,2024-09-12,2024,September,Q3,Central,Ohio,Office Supplies,Stapler,CUST-1140,Bilal Brown,Home Office,S. Fatima,11,1310.31,0.2,2882.68,14413.41,11530.73,707.76,7785.36,3745.37,32.48,Economy,Cash,Returned,Yes
ORD-10141,2025-12-10,2025-12-13,2025,December,Q4,South,Texas,Office Supplies,Pen Set,CUST-1141,Zain Brown,Consumer,J. Chen,12,1049.57,0.0,0.0,12594.84,12594.84,566.73,6800.76,5794.08,46.0,Express,Bank Transfer,Delivered,No
ORD-10142,2025-12-21,2025-12-23,2025,December,Q4,East,Massachusetts,Appliances,Microwave,CUST-1142,Sara Johnson,Consumer,R. Ahmed,7,618.5,0.05,216.48,4329.5,4113.02,339.61,2377.27,1735.75,42.2,Standard,PayPal,Processing,No
ORD-10143,2024-01-21,2024-01-28,2024,January,Q1,South,Georgia,Electronics,Laptop,CUST-1143,Emma Butt,Consumer,R. Ahmed,13,1475.15,0.05,958.85,19176.95,18218.1,875.97,11387.61,6830.49,37.49,Express,Credit Card,Returned,Yes
ORD-10144,2024-05-05,2024-05-10,2024,May,Q2,South,Texas,Furniture,Filing Cabinet,CUST-1144,Liam Butt,Home Office,N. Patel,6,1942.15,0.2,2330.58,11652.9,9322.32,1145.63,6873.78,2448.54,26.27,Economy,Credit Card,Delivered,No
ORD-10145,2024-10-02,2024-10-06,2024,October,Q4,South,Florida,Furniture,Bookshelf,CUST-1145,Ayesha Butt,Home Office,T. Brown,1,1412.87,0.05,70.64,1412.87,1342.23,949.98,949.98,392.25,29.22,Same Day,Debit Card,Delivered,No
ORD-10146,2024-05-18,2024-05-22,2024,May,Q2,West,Washington,Furniture,Filing Cabinet,CUST-1146,William Johnson,Home Office,L. Garcia,9,1641.7,0.15,2216.29,14775.3,12559.01,865.5,7789.5,4769.51,37.98,Express,Debit Card,Delivered,No
ORD-10147,2025-12-09,2025-12-10,2025,December,Q4,Central,Missouri,Furniture,Office Chair,CUST-1147,Noah Malik,Consumer,M. Ali,14,2119.04,0.0,0.0,29666.56,29666.56,1439.47,20152.58,9513.98,32.07,Express,Credit Card,Processing,No
ORD-10148,2023-05-04,2023-05-09,2023,May,Q2,West,Oregon,Appliances,Microwave,CUST-1148,Ayesha Khan,Corporate,A. Khan,11,1671.89,0.25,4597.7,18390.79,13793.09,1083.03,11913.33,1879.76,13.63,Standard,Cash,Delivered,No
ORD-10149,2025-10-25,2025-11-01,2025,October,Q4,North,Michigan,Office Supplies,Printer Paper,CUST-1149,Usman Brown,Consumer,J. Chen,12,1689.97,0.0,0.0,20279.64,20279.64,814.74,9776.88,10502.76,51.79,Same Day,PayPal,Delivered,No
ORD-10150,2025-07-29,2025-08-03,2025,July,Q3,South,Texas,Office Supplies,Pen Set,CUST-1150,Sara Khan,Corporate,T. Brown,4,2475.73,0.05,495.15,9902.92,9407.77,1336.88,5347.52,4060.25,43.16,Economy,Credit Card,Delivered,No
ORD-10151,2025-10-20,2025-10-27,2025,October,Q4,East,Massachusetts,Furniture,Office Chair,CUST-1151,Usman Brown,Consumer,R. Ahmed,7,1617.59,0.15,1698.47,11323.13,9624.66,1002.51,7017.57,2607.09,27.09,Economy,PayPal,Cancelled,No
ORD-10152,2024-01-03,2024-01-10,2024,January,Q1,East,New York,Office Supplies,Printer Paper,CUST-1152,Olivia Ali,Home Office,R. Ahmed,6,53.91,0.05,16.17,323.46,307.29,33.75,202.5,104.79,34.1,Economy,Cash,Delivered,No
ORD-10153,2025-10-22,2025-10-28,2025,October,Q4,North,Wisconsin,Furniture,Office Chair,CUST-1153,Sara Chaudhry,Home Office,T. Brown,6,148.44,0.2,178.13,890.64,712.51,77.14,462.84,249.67,35.04,Same Day,Credit Card,Shipped,No
ORD-10154,2024-12-29,2025-01-03,2024,December,Q4,North,Wisconsin,Appliances,Coffee Maker,CUST-1154,Mason Butt,Home Office,M. Ali,7,1088.14,0.2,1523.4,7616.98,6093.58,517.64,3623.48,2470.1,40.54,Standard,PayPal,Processing,No
ORD-10155,2024-10-10,2024-10-13,2024,October,Q4,West,Washington,Furniture,Filing Cabinet,CUST-1155,Nida Ali,Consumer,T. Brown,2,242.43,0.1,48.49,484.86,436.37,141.44,282.88,153.49,35.17,Economy,Cash,Delivered,No
ORD-10156,2023-02-23,2023-02-24,2023,February,Q1,Central,Ohio,Appliances,Coffee Maker,CUST-1156,Ayesha Butt,Consumer,R. Ahmed,6,1392.24,0.15,1253.02,8353.44,7100.42,987.26,5923.56,1176.86,16.57,Express,Bank Transfer,Delivered,No
ORD-10157,2024-07-03,2024-07-07,2024,July,Q3,West,California,Office Supplies,Notebook,CUST-1157,Omar Johnson,Corporate,J. Chen,3,172.22,0.2,103.33,516.66,413.33,91.76,275.28,138.05,33.4,Express,Bank Transfer,Processing,No
ORD-10158,2023-08-08,2023-08-10,2023,August,Q3,Central,Ohio,Furniture,Filing Cabinet,CUST-1158,Mason Smith,Corporate,N. Patel,5,31.82,0.2,31.82,159.1,127.28,17.49,87.45,39.83,31.29,Same Day,Bank Transfer,Processing,No
ORD-10159,2024-02-16,2024-02-20,2024,February,Q1,Central,Illinois,Office Supplies,Notebook,CUST-1159,Omar Johnson,Consumer,L. Garcia,6,456.43,0.2,547.72,2738.58,2190.86,338.04,2028.24,162.62,7.42,Economy,PayPal,Returned,Yes
ORD-10160,2024-02-14,2024-02-19,2024,February,Q1,South,Florida,Electronics,Headphones,CUST-1160,Ava Shaikh,Corporate,M. Ali,9,462.12,0.0,0.0,4159.08,4159.08,340.07,3060.63,1098.45,26.41,Economy,Bank Transfer,Delivered,No
ORD-10161,2024-06-01,2024-06-07,2024,June,Q2,West,Oregon,Office Supplies,Stapler,CUST-1161,Mason Johnson,Home Office,T. Brown,3,1792.36,0.2,1075.42,5377.08,4301.66,846.33,2538.99,1762.67,40.98,Standard,PayPal,Delivered,No
ORD-10162,2024-05-23,2024-05-29,2024,May,Q2,Central,Ohio,Electronics,Laptop,CUST-1162,Olivia Chaudhry,Corporate,M. Ali,11,897.2,0.0,0.0,9869.2,9869.2,555.34,6108.74,3760.46,38.1,Standard,Credit Card,Returned,Yes
ORD-10163,2025-02-05,2025-02-09,2025,February,Q1,North,Minnesota,Furniture,Filing Cabinet,CUST-1163,Ayesha Johnson,Corporate,M. Ali,8,1934.27,0.0,0.0,15474.16,15474.16,1070.6,8564.8,6909.36,44.65,Standard,Debit Card,Delivered,No
ORD-10164,2024-02-28,2024-03-04,2024,February,Q1,North,Wisconsin,Office Supplies,Pen Set,CUST-1164,Ava Chaudhry,Consumer,M. Ali,8,880.53,0.0,0.0,7044.24,7044.24,511.98,4095.84,2948.4,41.86,Standard,PayPal,Delivered,No
ORD-10165,2025-11-22,2025-11-24,2025,November,Q4,East,Massachusetts,Furniture,Standing Desk,CUST-1165,Farhan Smith,Consumer,T. Brown,9,412.94,0.2,743.29,3716.46,2973.17,304.56,2741.04,232.13,7.81,Economy,Credit Card,Shipped,No
ORD-10166,2025-05-29,2025-06-02,2025,May,Q2,Central,Illinois,Appliances,Air Purifier,CUST-1166,Sara Davis,Home Office,S. Fatima,1,1766.27,0.05,88.31,1766.27,1677.96,942.31,942.31,735.65,43.84,Same Day,PayPal,Delivered,No
ORD-10167,2025-09-29,2025-10-04,2025,September,Q3,West,Washington,Electronics,Tablet,CUST-1167,Isabella Ali,Corporate,S. Fatima,11,793.81,0.2,1746.38,8731.91,6985.53,502.79,5530.69,1454.84,20.83,Same Day,Cash,Delivered,No
ORD-10168,2023-08-30,2023-09-01,2023,August,Q3,Central,Illinois,Furniture,Bookshelf,CUST-1168,Sophia Smith,Consumer,T. Brown,5,305.62,0.15,229.21,1528.1,1298.89,201.11,1005.55,293.34,22.58,Economy,Debit Card,Delivered,No
ORD-10169,2025-09-29,2025-10-02,2025,September,Q3,South,Georgia,Furniture,Standing Desk,CUST-1169,Liam Khan,Consumer,T. Brown,3,479.94,0.25,359.95,1439.82,1079.87,305.16,915.48,164.39,15.22,Economy,Bank Transfer,Delivered,No
ORD-10170,2023-12-09,2023-12-10,2023,December,Q4,South,Florida,Appliances,Microwave,CUST-1170,Nida Shaikh,Consumer,N. Patel,10,91.69,0.05,45.84,916.9,871.06,49.3,493.0,378.06,43.4,Economy,Cash,Delivered,No
ORD-10171,2025-01-21,2025-01-26,2025,January,Q1,Central,Illinois,Electronics,Tablet,CUST-1171,Noah Ali,Home Office,R. Ahmed,14,1895.61,0.25,6634.64,26538.54,19903.9,1163.73,16292.22,3611.68,18.15,Same Day,Credit Card,Shipped,No
ORD-10172,2025-06-18,2025-06-25,2025,June,Q2,South,Florida,Office Supplies,Printer Paper,CUST-1172,Isabella Chaudhry,Home Office,T. Brown,2,1942.44,0.05,194.24,3884.88,3690.64,996.4,1992.8,1697.84,46.0,Express,Cash,Cancelled,No
ORD-10173,2024-12-19,2024-12-24,2024,December,Q4,West,California,Furniture,Office Chair,CUST-1173,Omar Butt,Home Office,M. Ali,5,1498.19,0.0,0.0,7490.95,7490.95,819.65,4098.25,3392.7,45.29,Express,Bank Transfer,Delivered,No
ORD-10174,2024-05-26,2024-05-28,2024,May,Q2,East,New Jersey,Furniture,Standing Desk,CUST-1174,Olivia Johnson,Home Office,J. Chen,12,815.41,0.05,489.25,9784.92,9295.67,553.21,6638.52,2657.15,28.58,Economy,Bank Transfer,Delivered,No
ORD-10175,2025-11-21,2025-11-27,2025,November,Q4,South,Texas,Electronics,Monitor,CUST-1175,William Chaudhry,Home Office,M. Ali,5,1741.34,0.15,1306.01,8706.7,7400.69,1021.14,5105.7,2294.99,31.01,Economy,PayPal,Delivered,No
ORD-10176,2025-05-29,2025-06-05,2025,May,Q2,East,Massachusetts,Appliances,Coffee Maker,CUST-1176,Emma Brown,Home Office,N. Patel,4,1244.37,0.15,746.62,4977.48,4230.86,869.2,3476.8,754.06,17.82,Same Day,Credit Card,Delivered,No
ORD-10177,2023-09-12,2023-09-19,2023,September,Q3,East,New York,Appliances,Coffee Maker,CUST-1177,Noah Shaikh,Consumer,J. Chen,3,1111.6,0.0,0.0,3334.8,3334.8,830.98,2492.94,841.86,25.24,Express,PayPal,Returned,Yes
ORD-10178,2023-06-18,2023-06-21,2023,June,Q2,East,Massachusetts,Office Supplies,Notebook,CUST-1178,Omar Shaikh,Consumer,M. Ali,11,2260.94,0.0,0.0,24870.34,24870.34,1052.55,11578.05,13292.29,53.45,Standard,Debit Card,Delivered,No
ORD-10179,2025-11-29,2025-12-05,2025,November,Q4,South,Texas,Furniture,Standing Desk,CUST-1179,Noah Malik,Consumer,T. Brown,8,38.08,0.15,45.7,304.64,258.94,26.47,211.76,47.18,18.22,Standard,Credit Card,Delivered,No
ORD-10180,2023-10-08,2023-10-12,2023,October,Q4,East,New Jersey,Office Supplies,Notebook,CUST-1000,Hina Ali,Consumer,S. Fatima,13,2036.22,0.0,0.0,26470.86,26470.86,1308.22,17006.86,9464.0,35.75,Economy,PayPal,Delivered,No
ORD-10181,2025-06-25,2025-07-02,2025,June,Q2,West,Oregon,Furniture,Filing Cabinet,CUST-1001,Usman Davis,Corporate,T. Brown,4,230.42,0.0,0.0,921.68,921.68,113.37,453.48,468.2,50.8,Same Day,Debit Card,Shipped,No
ORD-10182,2024-08-06,2024-08-13,2024,August,Q3,West,Washington,Electronics,Smartphone,CUST-1002,Mason Brown,Corporate,J. Chen,12,81.66,0.1,97.99,979.92,881.93,41.78,501.36,380.57,43.15,Standard,Debit Card,Delivered,No
ORD-10183,2025-10-20,2025-10-26,2025,October,Q4,South,Florida,Electronics,Smartphone,CUST-1003,Emma Malik,Home Office,T. Brown,10,191.46,0.0,0.0,1914.6,1914.6,142.84,1428.4,486.2,25.39,Same Day,Cash,Delivered,No
ORD-10184,2023-05-19,2023-05-20,2023,May,Q2,West,Washington,Electronics,Laptop,CUST-1004,Olivia Brown,Home Office,T. Brown,5,551.12,0.0,0.0,2755.6,2755.6,404.85,2024.25,731.35,26.54,Economy,Bank Transfer,Delivered,No
ORD-10185,2023-06-21,2023-06-24,2023,June,Q2,East,Massachusetts,Furniture,Bookshelf,CUST-1005,Hina Brown,Home Office,M. Ali,2,1285.59,0.05,128.56,2571.18,2442.62,954.29,1908.58,534.04,21.86,Same Day,Bank Transfer,Delivered,No
ORD-10186,2025-06-08,2025-06-09,2025,June,Q2,West,California,Furniture,Office Chair,CUST-1006,Zain Ali,Consumer,A. Khan,8,1536.56,0.0,0.0,12292.48,12292.48,834.02,6672.16,5620.32,45.72,Express,Bank Transfer,Delivered,No
ORD-10187,2025-01-31,2025-02-02,2025,January,Q1,North,Michigan,Office Supplies,Stapler,CUST-1007,Usman Khan,Corporate,J. Chen,12,1956.09,0.1,2347.31,23473.08,21125.77,1310.35,15724.2,5401.57,25.57,Standard,PayPal,Delivered,No
ORD-10188,2025-07-21,2025-07-26,2025,July,Q3,Central,Ohio,Electronics,Monitor,CUST-1008,Nida Ali,Home Office,M. Ali,6,152.77,0.0,0.0,916.62,916.62,85.6,513.6,403.02,43.97,Express,Cash,Cancelled,No
ORD-10189,2023-04-05,2023-04-09,2023,April,Q2,East,New York,Electronics,Smartphone,CUST-1009,Bilal Brown,Home Office,T. Brown,6,966.7,0.0,0.0,5800.2,5800.2,486.92,2921.52,2878.68,49.63,Express,PayPal,Processing,No
ORD-10190,2023-06-09,2023-06-14,2023,June,Q2,West,Washington,Office Supplies,Notebook,CUST-1010,Sophia Khan,Consumer,N. Patel,6,311.71,0.0,0.0,1870.26,1870.26,157.04,942.24,928.02,49.62,Same Day,PayPal,Returned,Yes
ORD-10191,2025-01-25,2025-01-27,2025,January,Q1,North,Minnesota,Appliances,Coffee Maker,CUST-1011,Farhan Johnson,Corporate,R. Ahmed,5,1416.06,0.1,708.03,7080.3,6372.27,951.41,4757.05,1615.22,25.35,Express,Debit Card,Delivered,No
ORD-10192,2024-12-10,2024-12-16,2024,December,Q4,East,New Jersey,Electronics,Smartphone,CUST-1012,Ayesha Smith,Home Office,J. Chen,14,1738.25,0.0,0.0,24335.5,24335.5,1278.13,17893.82,6441.68,26.47,Standard,Debit Card,Processing,No
ORD-10193,2023-05-03,2023-05-05,2023,May,Q2,Central,Illinois,Appliances,Microwave,CUST-1013,Sophia Smith,Corporate,N. Patel,12,710.37,0.0,0.0,8524.44,8524.44,516.0,6192.0,2332.44,27.36,Standard,Cash,Shipped,No
ORD-10194,2023-06-03,2023-06-08,2023,June,Q2,East,Massachusetts,Furniture,Filing Cabinet,CUST-1014,Nida Chaudhry,Corporate,L. Garcia,10,169.77,0.0,0.0,1697.7,1697.7,88.46,884.6,813.1,47.89,Same Day,Bank Transfer,Cancelled,No
ORD-10195,2023-10-06,2023-10-13,2023,October,Q4,North,Minnesota,Electronics,Smartphone,CUST-1015,Ava Johnson,Consumer,L. Garcia,13,1468.0,0.0,0.0,19084.0,19084.0,707.13,9192.69,9891.31,51.83,Express,Bank Transfer,Delivered,No
ORD-10196,2023-07-05,2023-07-07,2023,July,Q3,North,Wisconsin,Office Supplies,Printer Paper,CUST-1016,Emma Malik,Consumer,L. Garcia,13,1719.85,0.0,0.0,22358.05,22358.05,884.87,11503.31,10854.74,48.55,Economy,Cash,Delivered,No
ORD-10197,2023-12-23,2023-12-24,2023,December,Q4,East,Massachusetts,Office Supplies,Notebook,CUST-1017,Usman Malik,Consumer,R. Ahmed,7,2138.68,0.05,748.54,14970.76,14222.22,1023.18,7162.26,7059.96,49.64,Express,Debit Card,Delivered,No
ORD-10198,2024-06-14,2024-06-21,2024,June,Q2,South,Florida,Electronics,Headphones,CUST-1018,Ava Malik,Corporate,M. Ali,2,69.17,0.0,0.0,138.34,138.34,35.23,70.46,67.88,49.07,Standard,Bank Transfer,Delivered,No
ORD-10199,2025-03-19,2025-03-23,2025,March,Q1,East,New York,Appliances,Air Purifier,CUST-1019,Mariam Malik,Corporate,S. Fatima,1,966.08,0.2,193.22,966.08,772.86,484.82,484.82,288.04,37.27,Standard,Cash,Delivered,No
ORD-10200,2025-10-18,2025-10-22,2025,October,Q4,Central,Ohio,Furniture,Bookshelf,CUST-1020,Olivia Malik,Home Office,R. Ahmed,15,1383.46,0.0,0.0,20751.9,20751.9,658.96,9884.4,10867.5,52.37,Standard,Bank Transfer,Delivered,No
ORD-10201,2025-10-25,2025-10-28,2025,October,Q4,North,Wisconsin,Appliances,Microwave,CUST-1021,Farhan Khan,Corporate,A. Khan,7,687.03,0.0,0.0,4809.21,4809.21,374.89,2624.23,2184.98,45.43,Economy,Cash,Cancelled,No
ORD-10202,2023-07-25,2023-07-27,2023,July,Q3,North,Michigan,Furniture,Standing Desk,CUST-1022,Farhan Davis,Corporate,L. Garcia,11,614.26,0.0,0.0,6756.86,6756.86,417.21,4589.31,2167.55,32.08,Express,Debit Card,Processing,No
ORD-10203,2023-02-27,2023-03-05,2023,February,Q1,West,Oregon,Office Supplies,Notebook,CUST-1023,Mariam Johnson,Consumer,N. Patel,12,888.93,0.0,0.0,10667.16,10667.16,550.19,6602.28,4064.88,38.11,Standard,Credit Card,Delivered,No
ORD-10204,2025-12-14,2025-12-18,2025,December,Q4,East,New York,Furniture,Office Chair,CUST-1024,Emma Malik,Corporate,A. Khan,1,839.36,0.05,41.97,839.36,797.39,580.78,580.78,216.61,27.16,Standard,Debit Card,Cancelled,No
ORD-10205,2025-12-13,2025-12-20,2025,December,Q4,Central,Ohio,Furniture,Office Chair,CUST-1025,Olivia Davis,Corporate,L. Garcia,6,2401.99,0.15,2161.79,14411.94,12250.15,1588.58,9531.48,2718.67,22.19,Express,Debit Card,Delivered,No
ORD-10206,2024-10-11,2024-10-13,2024,October,Q4,South,Georgia,Appliances,Air Purifier,CUST-1026,Isabella Malik,Home Office,J. Chen,12,2422.33,0.15,4360.19,29067.96,24707.77,1252.27,15027.24,9680.53,39.18,Express,Debit Card,Delivered,No
ORD-10207,2023-03-08,2023-03-10,2023,March,Q1,East,Massachusetts,Appliances,Air Purifier,CUST-1027,Usman Johnson,Home Office,M. Ali,10,805.77,0.05,402.88,8057.7,7654.82,517.22,5172.2,2482.62,32.43,Express,PayPal,Delivered,No
ORD-10208,2025-07-03,2025-07-04,2025,July,Q3,North,Minnesota,Electronics,Tablet,CUST-1028,Usman Khan,Corporate,T. Brown,5,536.07,0.0,0.0,2680.35,2680.35,297.6,1488.0,1192.35,44.48,Express,Bank Transfer,Delivered,No
ORD-10209,2023-07-27,2023-08-03,2023,July,Q3,South,Florida,Office Supplies,Pen Set,CUST-1029,Sara Khan,Corporate,J. Chen,8,1974.99,0.05,790.0,15799.92,15009.92,985.12,7880.96,7128.96,47.49,Standard,Credit Card,Delivered,No
ORD-10210,2023-06-03,2023-06-08,2023,June,Q2,North,Minnesota,Appliances,Coffee Maker,CUST-1030,Mason Johnson,Corporate,S. Fatima,15,2445.43,0.15,5502.22,36681.45,31179.23,1536.24,23043.6,8135.63,26.09,Economy,Debit Card,Shipped,No
ORD-10211,2024-01-25,2024-01-29,2024,January,Q1,East,New York,Office Supplies,Stapler,CUST-1031,Omar Shaikh,Corporate,N. Patel,12,1391.97,0.1,1670.36,16703.64,15033.28,902.25,10827.0,4206.28,27.98,Express,Credit Card,Delivered,No
ORD-10212,2024-08-26,2024-09-02,2024,August,Q3,North,Minnesota,Appliances,Coffee Maker,CUST-1032,Ayesha Shaikh,Corporate,M. Ali,11,1568.35,0.25,4312.96,17251.85,12938.89,799.71,8796.81,4142.08,32.01,Economy,Credit Card,Delivered,No
ORD-10213,2024-06-26,2024-06-27,2024,June,Q2,North,Wisconsin,Appliances,Microwave,CUST-1033,Olivia Chaudhry,Consumer,J. Chen,11,1367.15,0.0,0.0,15038.65,15038.65,767.39,8441.29,6597.36,43.87,Economy,Bank Transfer,Delivered,No
ORD-10214,2023-11-06,2023-11-13,2023,November,Q4,North,Minnesota,Office Supplies,Printer Paper,CUST-1034,James Smith,Home Office,R. Ahmed,12,1673.66,0.0,0.0,20083.92,20083.92,1088.62,13063.44,7020.48,34.96,Standard,Bank Transfer,Returned,Yes
ORD-10215,2024-04-27,2024-05-01,2024,April,Q2,Central,Missouri,Appliances,Air Purifier,CUST-1035,Sophia Davis,Home Office,S. Fatima,5,211.2,0.0,0.0,1056.0,1056.0,126.85,634.25,421.75,39.94,Standard,Bank Transfer,Shipped,No
ORD-10216,2023-09-16,2023-09-17,2023,September,Q3,West,California,Furniture,Standing Desk,CUST-1036,Hina Davis,Home Office,M. Ali,7,209.75,0.2,293.65,1468.25,1174.6,107.09,749.63,424.97,36.18,Standard,Bank Transfer,Delivered,No
ORD-10217,2025-11-30,2025-12-04,2025,November,Q4,Central,Missouri,Office Supplies,Notebook,CUST-1037,Hina Malik,Home Office,M. Ali,15,2185.56,0.2,6556.68,32783.4,26226.72,1057.28,15859.2,10367.52,39.53,Standard,Cash,Delivered,No
ORD-10218,2024-06-24,2024-06-28,2024,June,Q2,East,New Jersey,Office Supplies,Pen Set,CUST-1038,Nida Smith,Home Office,T. Brown,11,1221.68,0.25,3359.62,13438.48,10078.86,563.49,6198.39,3880.47,38.5,Standard,Bank Transfer,Delivered,No
ORD-10219,2025-08-31,2025-09-03,2025,August,Q3,North,Michigan,Furniture,Office Chair,CUST-1039,Omar Butt,Corporate,M. Ali,15,940.52,0.15,2116.17,14107.8,11991.63,653.86,9807.9,2183.73,18.21,Express,Debit Card,Delivered,No
ORD-10220,2024-07-05,2024-07-11,2024,July,Q3,North,Michigan,Appliances,Microwave,CUST-1040,Mariam Smith,Home Office,L. Garcia,7,1518.37,0.0,0.0,10628.59,10628.59,768.87,5382.09,5246.5,49.36,Standard,Cash,Shipped,No
ORD-10221,2023-10-05,2023-10-12,2023,October,Q4,West,California,Office Supplies,Pen Set,CUST-1041,Mariam Khan,Corporate,A. Khan,14,1317.85,0.0,0.0,18449.9,18449.9,661.72,9264.08,9185.82,49.79,Same Day,Debit Card,Delivered,No
ORD-10222,2025-03-23,2025-03-29,2025,March,Q1,North,Wisconsin,Appliances,Air Purifier,CUST-1042,William Davis,Corporate,L. Garcia,15,322.82,0.0,0.0,4842.3,4842.3,168.7,2530.5,2311.8,47.74,Same Day,Debit Card,Delivered,No
ORD-10223,2023-02-26,2023-03-02,2023,February,Q1,North,Michigan,Electronics,Tablet,CUST-1043,Farhan Shaikh,Corporate,A. Khan,1,419.82,0.05,20.99,419.82,398.83,296.87,296.87,101.96,25.56,Standard,Bank Transfer,Delivered,No
ORD-10224,2024-04-03,2024-04-06,2024,April,Q2,West,Oregon,Furniture,Office Chair,CUST-1044,Nida Smith,Corporate,N. Patel,10,2015.64,0.1,2015.64,20156.4,18140.76,1338.03,13380.3,4760.46,26.24,Same Day,Debit Card,Cancelled,No
ORD-10225,2023-07-29,2023-07-30,2023,July,Q3,South,Florida,Appliances,Air Purifier,CUST-1045,Mason Davis,Home Office,M. Ali,9,2498.58,0.15,3373.08,22487.22,19114.14,1545.21,13906.89,5207.25,27.24,Economy,Credit Card,Delivered,No
ORD-10226,2024-06-18,2024-06-24,2024,June,Q2,North,Wisconsin,Office Supplies,Notebook,CUST-1046,Sophia Shaikh,Home Office,T. Brown,12,2381.19,0.1,2857.43,28574.28,25716.85,1206.09,14473.08,11243.77,43.72,Same Day,Debit Card,Cancelled,No
ORD-10227,2024-06-15,2024-06-19,2024,June,Q2,East,Massachusetts,Appliances,Microwave,CUST-1047,Isabella Shaikh,Home Office,R. Ahmed,7,979.86,0.0,0.0,6859.02,6859.02,612.32,4286.24,2572.78,37.51,Economy,PayPal,Delivered,No
ORD-10228,2024-08-24,2024-08-25,2024,August,Q3,Central,Missouri,Furniture,Standing Desk,CUST-1048,James Malik,Corporate,M. Ali,8,332.94,0.1,266.35,2663.52,2397.17,222.26,1778.08,619.09,25.83,Express,PayPal,Returned,Yes
ORD-10229,2024-11-09,2024-11-12,2024,November,Q4,West,Oregon,Office Supplies,Pen Set,CUST-1049,William Khan,Home Office,M. Ali,5,1470.14,0.25,1837.67,7350.7,5513.03,1036.98,5184.9,328.13,5.95,Economy,Debit Card,Cancelled,No
ORD-10230,2024-09-03,2024-09-07,2024,September,Q3,Central,Illinois,Appliances,Air Purifier,CUST-1050,Mariam Chaudhry,Home Office,N. Patel,1,2179.06,0.0,0.0,2179.06,2179.06,1070.38,1070.38,1108.68,50.88,Express,PayPal,Delivered,No
ORD-10231,2023-12-29,2024-01-01,2023,December,Q4,West,California,Appliances,Microwave,CUST-1051,Zain Davis,Corporate,M. Ali,11,159.16,0.25,437.69,1750.76,1313.07,84.68,931.48,381.59,29.06,Express,Cash,Processing,No
ORD-10232,2025-05-28,2025-06-01,2025,May,Q2,South,Georgia,Appliances,Microwave,CUST-1052,Ayesha Chaudhry,Home Office,R. Ahmed,7,26.6,0.05,9.31,186.2,176.89,17.8,124.6,52.29,29.56,Standard,Credit Card,Processing,No
ORD-10233,2023-09-22,2023-09-23,2023,September,Q3,West,California,Office Supplies,Notebook,CUST-1053,Bilal Butt,Corporate,L. Garcia,7,1265.79,0.1,886.05,8860.53,7974.48,633.03,4431.21,3543.27,44.43,Economy,Debit Card,Returned,Yes
ORD-10234,2023-12-04,2023-12-11,2023,December,Q4,North,Wisconsin,Office Supplies,Stapler,CUST-1054,Hina Shaikh,Home Office,S. Fatima,7,62.52,0.05,21.88,437.64,415.76,41.77,292.39,123.37,29.67,Standard,PayPal,Shipped,No
ORD-10235,2023-04-09,2023-04-15,2023,April,Q2,East,New Jersey,Office Supplies,Printer Paper,CUST-1055,Usman Smith,Consumer,J. Chen,2,1639.12,0.0,0.0,3278.24,3278.24,761.32,1522.64,1755.6,53.55,Economy,Debit Card,Delivered,No
ORD-10236,2025-05-11,2025-05-17,2025,May,Q2,West,Oregon,Electronics,Tablet,CUST-1056,Hina Smith,Consumer,M. Ali,2,1661.27,0.1,332.25,3322.54,2990.29,1057.96,2115.92,874.37,29.24,Same Day,Credit Card,Processing,No
ORD-10237,2024-06-22,2024-06-29,2024,June,Q2,East,New Jersey,Furniture,Standing Desk,CUST-1057,Omar Malik,Corporate,R. Ahmed,9,2433.2,0.15,3284.82,21898.8,18613.98,1608.42,14475.78,4138.2,22.23,Economy,PayPal,Delivered,No
ORD-10238,2023-08-15,2023-08-22,2023,August,Q3,West,California,Electronics,Laptop,CUST-1058,Sophia Ali,Consumer,J. Chen,10,1677.52,0.0,0.0,16775.2,16775.2,1232.7,12327.0,4448.2,26.52,Express,Bank Transfer,Shipped,No
ORD-10239,2023-07-24,2023-07-31,2023,July,Q3,North,Wisconsin,Appliances,Coffee Maker,CUST-1059,Emma Smith,Consumer,A. Khan,3,2187.24,0.1,656.17,6561.72,5905.55,1220.62,3661.86,2243.69,37.99,Standard,Debit Card,Shipped,No
ORD-10240,2024-07-03,2024-07-09,2024,July,Q3,West,Washington,Office Supplies,Pen Set,CUST-1060,Olivia Smith,Corporate,T. Brown,2,940.97,0.15,282.29,1881.94,1599.65,475.06,950.12,649.53,40.6,Economy,Bank Transfer,Returned,Yes
ORD-10241,2023-11-23,2023-11-24,2023,November,Q4,West,California,Furniture,Office Chair,CUST-1061,Ava Malik,Corporate,A. Khan,7,2279.4,0.25,3988.95,15955.8,11966.85,1574.33,11020.31,946.54,7.91,Express,Bank Transfer,Shipped,No
ORD-10242,2023-04-05,2023-04-06,2023,April,Q2,South,Texas,Appliances,Microwave,CUST-1062,Sophia Davis,Consumer,L. Garcia,5,1642.61,0.0,0.0,8213.05,8213.05,1086.37,5431.85,2781.2,33.86,Standard,Bank Transfer,Shipped,No
ORD-10243,2023-11-01,2023-11-08,2023,November,Q4,West,Washington,Office Supplies,Pen Set,CUST-1063,Zain Brown,Corporate,S. Fatima,14,1402.49,0.0,0.0,19634.86,19634.86,636.02,8904.28,10730.58,54.65,Standard,Bank Transfer,Processing,No
ORD-10244,2023-04-14,2023-04-19,2023,April,Q2,North,Minnesota,Office Supplies,Notebook,CUST-1064,Farhan Ali,Home Office,N. Patel,4,1382.98,0.2,1106.38,5531.92,4425.54,789.66,3158.64,1266.9,28.63,Standard,Bank Transfer,Delivered,No
ORD-10245,2023-02-06,2023-02-07,2023,February,Q1,South,Florida,Electronics,Monitor,CUST-1065,Mason Davis,Home Office,R. Ahmed,7,1039.66,0.0,0.0,7277.62,7277.62,725.45,5078.15,2199.47,30.22,Economy,PayPal,Shipped,No
ORD-10246,2024-11-10,2024-11-15,2024,November,Q4,North,Minnesota,Furniture,Filing Cabinet,CUST-1066,Liam Johnson,Home Office,R. Ahmed,13,1555.1,0.25,5054.07,20216.3,15162.23,1034.14,13443.82,1718.41,11.33,Standard,PayPal,Delivered,No
ORD-10247,2023-08-06,2023-08-07,2023,August,Q3,North,Michigan,Office Supplies,Notebook,CUST-1067,Noah Ali,Consumer,R. Ahmed,15,422.93,0.0,0.0,6343.95,6343.95,294.59,4418.85,1925.1,30.35,Standard,Bank Transfer,Delivered,No
ORD-10248,2023-08-09,2023-08-16,2023,August,Q3,West,Washington,Furniture,Bookshelf,CUST-1068,Ava Johnson,Home Office,S. Fatima,7,130.55,0.0,0.0,913.85,913.85,88.99,622.93,290.92,31.83,Economy,Credit Card,Shipped,No
ORD-10249,2025-06-05,2025-06-12,2025,June,Q2,Central,Ohio,Electronics,Headphones,CUST-1069,Zain Malik,Home Office,L. Garcia,10,1215.09,0.0,0.0,12150.9,12150.9,798.98,7989.8,4161.1,34.25,Economy,Bank Transfer,Delivered,No
ORD-10250,2025-03-25,2025-03-28,2025,March,Q1,Central,Ohio,Furniture,Bookshelf,CUST-1070,Mason Brown,Home Office,L. Garcia,5,1140.32,0.0,0.0,5701.6,5701.6,560.41,2802.05,2899.55,50.86,Express,Debit Card,Delivered,No
ORD-10251,2023-09-29,2023-10-05,2023,September,Q3,West,Oregon,Office Supplies,Notebook,CUST-1071,Emma Ali,Home Office,N. Patel,11,2438.32,0.0,0.0,26821.52,26821.52,1465.84,16124.24,10697.28,39.88,Economy,Cash,Processing,No
ORD-10252,2023-08-07,2023-08-08,2023,August,Q3,North,Wisconsin,Electronics,Headphones,CUST-1072,Zain Butt,Consumer,A. Khan,7,376.14,0.0,0.0,2632.98,2632.98,191.82,1342.74,1290.24,49.0,Same Day,Debit Card,Shipped,No
ORD-10253,2023-07-29,2023-08-03,2023,July,Q3,Central,Illinois,Office Supplies,Pen Set,CUST-1073,James Smith,Home Office,J. Chen,14,1693.68,0.05,1185.58,23711.52,22525.94,1139.38,15951.32,6574.62,29.19,Standard,Bank Transfer,Delivered,No
ORD-10254,2023-01-27,2023-02-02,2023,January,Q1,South,Florida,Office Supplies,Printer Paper,CUST-1074,Liam Davis,Home Office,R. Ahmed,5,519.67,0.25,649.59,2598.35,1948.76,363.25,1816.25,132.51,6.8,Express,PayPal,Delivered,No
ORD-10255,2023-12-22,2023-12-28,2023,December,Q4,South,Texas,Electronics,Smartphone,CUST-1075,James Butt,Home Office,J. Chen,9,311.59,0.0,0.0,2804.31,2804.31,180.27,1622.43,1181.88,42.15,Standard,PayPal,Delivered,No
ORD-10256,2023-11-11,2023-11-14,2023,November,Q4,South,Georgia,Furniture,Office Chair,CUST-1076,Isabella Brown,Home Office,L. Garcia,10,141.38,0.1,141.38,1413.8,1272.42,84.43,844.3,428.12,33.65,Express,Debit Card,Delivered,No
ORD-10257,2025-04-06,2025-04-07,2025,April,Q2,Central,Illinois,Furniture,Filing Cabinet,CUST-1077,Emma Chaudhry,Home Office,N. Patel,6,564.68,0.05,169.4,3388.08,3218.68,366.48,2198.88,1019.8,31.68,Standard,Credit Card,Delivered,No
ORD-10258,2023-03-23,2023-03-29,2023,March,Q1,North,Wisconsin,Furniture,Standing Desk,CUST-1078,James Butt,Home Office,L. Garcia,15,812.53,0.0,0.0,12187.95,12187.95,459.7,6895.5,5292.45,43.42,Economy,Bank Transfer,Delivered,No
ORD-10259,2025-11-18,2025-11-19,2025,November,Q4,East,New Jersey,Furniture,Bookshelf,CUST-1079,Mariam Shaikh,Corporate,M. Ali,2,430.98,0.0,0.0,861.96,861.96,275.0,550.0,311.96,36.19,Express,Cash,Cancelled,No
ORD-10260,2023-02-18,2023-02-22,2023,February,Q1,South,Georgia,Electronics,Smartphone,CUST-1080,Zain Butt,Home Office,R. Ahmed,12,839.31,0.0,0.0,10071.72,10071.72,396.13,4753.56,5318.16,52.8,Same Day,Bank Transfer,Delivered,No
ORD-10261,2024-10-09,2024-10-10,2024,October,Q4,South,Florida,Appliances,Microwave,CUST-1081,Mason Ali,Home Office,A. Khan,7,1688.15,0.0,0.0,11817.05,11817.05,1084.51,7591.57,4225.48,35.76,Standard,PayPal,Processing,No
ORD-10262,2023-06-27,2023-06-30,2023,June,Q2,Central,Illinois,Office Supplies,Notebook,CUST-1082,Ayesha Johnson,Consumer,S. Fatima,13,2317.83,0.2,6026.36,30131.79,24105.43,1317.77,17131.01,6974.42,28.93,Economy,Cash,Delivered,No
ORD-10263,2025-02-03,2025-02-04,2025,February,Q1,North,Michigan,Furniture,Bookshelf,CUST-1083,Ayesha Davis,Home Office,M. Ali,9,2188.8,0.0,0.0,19699.2,19699.2,1065.88,9592.92,10106.28,51.3,Same Day,Debit Card,Delivered,No
ORD-10264,2025-11-15,2025-11-17,2025,November,Q4,North,Minnesota,Appliances,Air Purifier,CUST-1084,Zain Davis,Home Office,N. Patel,3,472.22,0.1,141.67,1416.66,1274.99,240.03,720.09,554.9,43.52,Standard,PayPal,Cancelled,No
ORD-10265,2025-09-24,2025-09-27,2025,September,Q3,East,New Jersey,Electronics,Smartphone,CUST-1085,Mason Ali,Corporate,N. Patel,6,333.61,0.05,100.08,2001.66,1901.58,160.14,960.84,940.74,49.47,Economy,PayPal,Cancelled,No
ORD-10266,2025-01-16,2025-01-23,2025,January,Q1,Central,Ohio,Office Supplies,Stapler,CUST-1086,Farhan Shaikh,Home Office,T. Brown,6,2397.27,0.0,0.0,14383.62,14383.62,1082.25,6493.5,7890.12,54.85,Same Day,PayPal,Shipped,No
ORD-10267,2025-08-05,2025-08-09,2025,August,Q3,West,Oregon,Office Supplies,Pen Set,CUST-1087,Zain Davis,Corporate,S. Fatima,6,1940.3,0.25,2910.45,11641.8,8731.35,1194.26,7165.56,1565.79,17.93,Express,PayPal,Delivered,No
ORD-10268,2025-11-04,2025-11-10,2025,November,Q4,East,Massachusetts,Electronics,Laptop,CUST-1088,Mariam Khan,Home Office,N. Patel,1,2034.42,0.2,406.88,2034.42,1627.54,1384.95,1384.95,242.59,14.91,Express,PayPal,Delivered,No
ORD-10269,2025-08-09,2025-08-14,2025,August,Q3,South,Texas,Office Supplies,Stapler,CUST-1089,Farhan Davis,Home Office,S. Fatima,9,240.03,0.15,324.04,2160.27,1836.23,144.17,1297.53,538.7,29.34,Economy,Debit Card,Shipped,No
ORD-10270,2025-01-04,2025-01-05,2025,January,Q1,West,Oregon,Furniture,Filing Cabinet,CUST-1090,Liam Shaikh,Consumer,L. Garcia,4,1907.26,0.05,381.45,7629.04,7247.59,894.23,3576.92,3670.67,50.65,Economy,Bank Transfer,Delivered,No
ORD-10271,2023-07-31,2023-08-06,2023,July,Q3,South,Texas,Electronics,Tablet,CUST-1091,Nida Davis,Consumer,T. Brown,9,1589.41,0.1,1430.47,14304.69,12874.22,1113.32,10019.88,2854.34,22.17,Economy,PayPal,Delivered,No
ORD-10272,2024-05-30,2024-06-03,2024,May,Q2,Central,Ohio,Electronics,Headphones,CUST-1092,Liam Johnson,Home Office,A. Khan,15,568.9,0.2,1706.7,8533.5,6826.8,316.23,4743.45,2083.35,30.52,Express,Bank Transfer,Processing,No
ORD-10273,2024-07-29,2024-07-31,2024,July,Q3,West,California,Electronics,Headphones,CUST-1093,Usman Shaikh,Corporate,M. Ali,3,479.46,0.15,215.76,1438.38,1222.62,302.35,907.05,315.57,25.81,Economy,Bank Transfer,Delivered,No
ORD-10274,2023-02-15,2023-02-17,2023,February,Q1,South,Texas,Furniture,Filing Cabinet,CUST-1094,Sophia Khan,Consumer,A. Khan,1,332.79,0.0,0.0,332.79,332.79,163.21,163.21,169.58,50.96,Express,PayPal,Cancelled,No
ORD-10275,2023-02-08,2023-02-14,2023,February,Q1,West,Oregon,Appliances,Air Purifier,CUST-1095,Mariam Johnson,Corporate,N. Patel,12,1659.44,0.1,1991.33,19913.28,17921.95,1218.32,14619.84,3302.11,18.42,Express,Debit Card,Shipped,No
ORD-10276,2025-11-12,2025-11-15,2025,November,Q4,South,Georgia,Furniture,Standing Desk,CUST-1096,Mason Davis,Corporate,T. Brown,3,1814.6,0.15,816.57,5443.8,4627.23,1318.68,3956.04,671.19,14.51,Express,Credit Card,Delivered,No
ORD-10277,2023-07-17,2023-07-19,2023,July,Q3,East,New York,Appliances,Coffee Maker,CUST-1097,James Brown,Consumer,N. Patel,8,2255.5,0.0,0.0,18044.0,18044.0,1608.91,12871.28,5172.72,28.67,Express,Cash,Processing,No
ORD-10278,2025-05-11,2025-05-14,2025,May,Q2,Central,Illinois,Appliances,Air Purifier,CUST-1098,William Smith,Home Office,M. Ali,14,122.94,0.2,344.23,1721.16,1376.93,63.79,893.06,483.87,35.14,Economy,Debit Card,Delivered,No
ORD-10279,2024-08-03,2024-08-08,2024,August,Q3,North,Wisconsin,Furniture,Office Chair,CUST-1099,Ayesha Davis,Home Office,A. Khan,15,1366.17,0.1,2049.26,20492.55,18443.29,692.25,10383.75,8059.54,43.7,Economy,Debit Card,Delivered,No
ORD-10280,2023-11-13,2023-11-17,2023,November,Q4,North,Wisconsin,Office Supplies,Printer Paper,CUST-1100,Noah Davis,Corporate,T. Brown,11,1469.64,0.1,1616.6,16166.04,14549.44,1038.29,11421.19,3128.25,21.5,Express,Bank Transfer,Delivered,No
ORD-10281,2025-01-28,2025-02-02,2025,January,Q1,Central,Ohio,Appliances,Coffee Maker,CUST-1101,Olivia Malik,Home Office,M. Ali,9,1217.14,0.1,1095.43,10954.26,9858.83,758.64,6827.76,3031.07,30.74,Express,Bank Transfer,Cancelled,No
ORD-10282,2024-11-24,2024-12-01,2024,November,Q4,West,California,Furniture,Filing Cabinet,CUST-1102,Ayesha Ali,Corporate,T. Brown,9,1540.85,0.0,0.0,13867.65,13867.65,767.68,6909.12,6958.53,50.18,Standard,Credit Card,Processing,No
ORD-10283,2023-03-19,2023-03-25,2023,March,Q1,North,Minnesota,Office Supplies,Printer Paper,CUST-1103,Sophia Butt,Home Office,A. Khan,7,2327.75,0.2,3258.85,16294.25,13035.4,1476.24,10333.68,2701.72,20.73,Express,Bank Transfer,Shipped,No
ORD-10284,2024-02-03,2024-02-04,2024,February,Q1,South,Texas,Furniture,Bookshelf,CUST-1104,Bilal Chaudhry,Consumer,S. Fatima,13,1504.79,0.05,978.11,19562.27,18584.16,954.88,12413.44,6170.72,33.2,Standard,PayPal,Delivered,No
ORD-10285,2024-02-15,2024-02-20,2024,February,Q1,South,Florida,Appliances,Microwave,CUST-1105,James Butt,Home Office,L. Garcia,1,1846.26,0.0,0.0,1846.26,1846.26,1339.93,1339.93,506.33,27.42,Same Day,PayPal,Shipped,No
ORD-10286,2025-04-07,2025-04-12,2025,April,Q2,West,Oregon,Furniture,Filing Cabinet,CUST-1106,James Ali,Corporate,M. Ali,1,663.85,0.2,132.77,663.85,531.08,399.55,399.55,131.53,24.77,Same Day,Cash,Delivered,No
ORD-10287,2025-09-17,2025-09-24,2025,September,Q3,Central,Missouri,Appliances,Microwave,CUST-1107,Isabella Khan,Corporate,M. Ali,4,1897.32,0.25,1897.32,7589.28,5691.96,1241.75,4967.0,724.96,12.74,Economy,Debit Card,Delivered,No
ORD-10288,2025-11-23,2025-11-28,2025,November,Q4,West,Washington,Appliances,Microwave,CUST-1108,Sara Smith,Corporate,M. Ali,1,1756.53,0.1,175.65,1756.53,1580.88,921.26,921.26,659.62,41.72,Express,Bank Transfer,Shipped,No
ORD-10289,2024-01-10,2024-01-16,2024,January,Q1,North,Wisconsin,Furniture,Bookshelf,CUST-1109,Mariam Shaikh,Corporate,R. Ahmed,11,2326.68,0.05,1279.67,25593.48,24313.81,1395.31,15348.41,8965.4,36.87,Express,Debit Card,Shipped,No
ORD-10290,2023-08-07,2023-08-08,2023,August,Q3,West,Oregon,Office Supplies,Stapler,CUST-1110,James Khan,Corporate,L. Garcia,15,210.04,0.25,787.65,3150.6,2362.95,133.2,1998.0,364.95,15.44,Economy,Cash,Processing,No
ORD-10291,2025-03-25,2025-03-27,2025,March,Q1,North,Wisconsin,Furniture,Bookshelf,CUST-1111,Noah Johnson,Consumer,L. Garcia,13,1448.01,0.0,0.0,18824.13,18824.13,879.99,11439.87,7384.26,39.23,Economy,Debit Card,Returned,Yes
ORD-10292,2023-01-18,2023-01-19,2023,January,Q1,South,Texas,Appliances,Microwave,CUST-1112,Mason Butt,Corporate,R. Ahmed,11,538.72,0.0,0.0,5925.92,5925.92,295.02,3245.22,2680.7,45.24,Same Day,Bank Transfer,Delivered,No
ORD-10293,2025-10-18,2025-10-22,2025,October,Q4,Central,Missouri,Office Supplies,Stapler,CUST-1113,Olivia Butt,Home Office,S. Fatima,4,1056.45,0.15,633.87,4225.8,3591.93,591.11,2364.44,1227.49,34.17,Express,Credit Card,Delivered,No
ORD-10294,2024-02-06,2024-02-08,2024,February,Q1,North,Minnesota,Appliances,Microwave,CUST-1114,Ayesha Malik,Consumer,L. Garcia,13,2398.48,0.0,0.0,31180.24,31180.24,1419.65,18455.45,12724.79,40.81,Economy,PayPal,Delivered,No
ORD-10295,2023-07-22,2023-07-28,2023,July,Q3,North,Michigan,Electronics,Monitor,CUST-1115,Usman Johnson,Corporate,L. Garcia,3,164.19,0.1,49.26,492.57,443.31,97.36,292.08,151.23,34.11,Same Day,Cash,Shipped,No
ORD-10296,2025-04-23,2025-04-24,2025,April,Q2,Central,Missouri,Office Supplies,Printer Paper,CUST-1116,James Malik,Corporate,L. Garcia,6,2170.41,0.05,651.12,13022.46,12371.34,1352.29,8113.74,4257.6,34.42,Same Day,Cash,Returned,Yes
ORD-10297,2025-02-19,2025-02-24,2025,February,Q1,South,Georgia,Appliances,Coffee Maker,CUST-1117,Emma Smith,Home Office,T. Brown,5,1167.42,0.0,0.0,5837.1,5837.1,829.43,4147.15,1689.95,28.95,Standard,Credit Card,Shipped,No
ORD-10298,2024-10-10,2024-10-16,2024,October,Q4,West,Washington,Furniture,Bookshelf,CUST-1118,Ava Chaudhry,Home Office,N. Patel,5,1780.43,0.2,1780.43,8902.15,7121.72,946.07,4730.35,2391.37,33.58,Economy,Debit Card,Shipped,No
ORD-10299,2024-05-30,2024-06-05,2024,May,Q2,West,California,Furniture,Standing Desk,CUST-1119,Usman Ali,Corporate,A. Khan,12,1878.1,0.05,1126.86,22537.2,21410.34,939.19,11270.28,10140.06,47.36,Standard,Bank Transfer,Delivered,No
ORD-10300,2023-11-15,2023-11-16,2023,November,Q4,Central,Illinois,Electronics,Tablet,CUST-1120,Farhan Butt,Consumer,S. Fatima,11,2330.0,0.2,5126.0,25630.0,20504.0,1264.75,13912.25,6591.75,32.15,Express,Credit Card,Delivered,No
ORD-10301,2025-09-02,2025-09-06,2025,September,Q3,East,Massachusetts,Office Supplies,Notebook,CUST-1121,Hina Brown,Home Office,N. Patel,14,1358.35,0.1,1901.69,19016.9,17115.21,834.79,11687.06,5428.15,31.72,Economy,Cash,Delivered,No
ORD-10302,2024-04-10,2024-04-17,2024,April,Q2,Central,Missouri,Office Supplies,Pen Set,CUST-1122,Hina Butt,Home Office,S. Fatima,2,1113.02,0.15,333.91,2226.04,1892.13,638.5,1277.0,615.13,32.51,Same Day,PayPal,Delivered,No
ORD-10303,2025-09-04,2025-09-07,2025,September,Q3,South,Georgia,Electronics,Monitor,CUST-1123,Ayesha Brown,Corporate,T. Brown,1,1918.18,0.1,191.82,1918.18,1726.36,1206.73,1206.73,519.63,30.1,Economy,Debit Card,Delivered,No
ORD-10304,2024-03-27,2024-03-30,2024,March,Q1,West,Oregon,Appliances,Microwave,CUST-1124,Mason Butt,Home Office,J. Chen,2,1064.26,0.05,106.43,2128.52,2022.09,643.86,1287.72,734.37,36.32,Economy,Debit Card,Delivered,No
ORD-10305,2023-08-15,2023-08-21,2023,August,Q3,East,New York,Furniture,Bookshelf,CUST-1125,William Shaikh,Consumer,A. Khan,8,1550.06,0.1,1240.05,12400.48,11160.43,1023.26,8186.08,2974.35,26.65,Standard,Debit Card,Delivered,No
ORD-10306,2025-06-16,2025-06-22,2025,June,Q2,East,New Jersey,Office Supplies,Stapler,CUST-1126,Mariam Chaudhry,Corporate,L. Garcia,1,593.53,0.0,0.0,593.53,593.53,269.71,269.71,323.82,54.56,Economy,Credit Card,Delivered,No
ORD-10307,2024-06-29,2024-07-06,2024,June,Q2,North,Minnesota,Furniture,Office Chair,CUST-1127,Nida Smith,Consumer,R. Ahmed,7,192.39,0.25,336.68,1346.73,1010.05,97.06,679.42,330.63,32.73,Economy,Bank Transfer,Processing,No
ORD-10308,2025-08-01,2025-08-07,2025,August,Q3,West,Oregon,Electronics,Smartphone,CUST-1128,Omar Chaudhry,Home Office,A. Khan,13,248.49,0.05,161.52,3230.37,3068.85,147.07,1911.91,1156.94,37.7,Standard,PayPal,Delivered,No
ORD-10309,2025-01-08,2025-01-09,2025,January,Q1,South,Georgia,Office Supplies,Stapler,CUST-1129,Noah Chaudhry,Corporate,M. Ali,14,1671.74,0.0,0.0,23404.36,23404.36,870.63,12188.82,11215.54,47.92,Economy,Debit Card,Delivered,No
ORD-10310,2023-11-14,2023-11-17,2023,November,Q4,East,New York,Appliances,Air Purifier,CUST-1130,Mason Chaudhry,Home Office,A. Khan,13,237.36,0.0,0.0,3085.68,3085.68,142.41,1851.33,1234.35,40.0,Standard,PayPal,Returned,Yes
ORD-10311,2025-09-26,2025-09-28,2025,September,Q3,West,Oregon,Electronics,Smartphone,CUST-1131,Ava Shaikh,Corporate,L. Garcia,6,2454.46,0.15,2209.01,14726.76,12517.75,1697.65,10185.9,2331.85,18.63,Express,PayPal,Delivered,No
ORD-10312,2024-08-26,2024-08-31,2024,August,Q3,East,New Jersey,Appliances,Air Purifier,CUST-1132,Emma Johnson,Home Office,S. Fatima,12,1232.88,0.0,0.0,14794.56,14794.56,755.86,9070.32,5724.24,38.69,Standard,Cash,Delivered,No
ORD-10313,2025-01-21,2025-01-25,2025,January,Q1,West,Washington,Office Supplies,Notebook,CUST-1133,Ayesha Davis,Home Office,R. Ahmed,1,1943.16,0.2,388.63,1943.16,1554.53,1302.11,1302.11,252.42,16.24,Same Day,Credit Card,Cancelled,No
ORD-10314,2023-11-12,2023-11-17,2023,November,Q4,Central,Missouri,Furniture,Filing Cabinet,CUST-1134,Sophia Ali,Consumer,S. Fatima,5,816.66,0.15,612.5,4083.3,3470.8,394.56,1972.8,1498.0,43.16,Standard,Debit Card,Delivered,No
ORD-10315,2023-03-07,2023-03-12,2023,March,Q1,East,New Jersey,Furniture,Office Chair,CUST-1135,Isabella Butt,Consumer,M. Ali,11,2093.2,0.25,5756.3,23025.2,17268.9,1272.13,13993.43,3275.47,18.97,Standard,Debit Card,Delivered,No
ORD-10316,2023-05-05,2023-05-08,2023,May,Q2,South,Texas,Appliances,Air Purifier,CUST-1136,Bilal Davis,Consumer,M. Ali,9,1862.54,0.2,3352.57,16762.86,13410.29,1297.46,11677.14,1733.15,12.92,Same Day,Credit Card,Delivered,No
ORD-10317,2024-04-18,2024-04-23,2024,April,Q2,West,Oregon,Electronics,Laptop,CUST-1137,Zain Brown,Corporate,M. Ali,7,485.81,0.05,170.03,3400.67,3230.64,301.69,2111.83,1118.81,34.63,Same Day,Bank Transfer,Shipped,No
ORD-10318,2025-04-02,2025-04-07,2025,April,Q2,South,Texas,Furniture,Standing Desk,CUST-1138,Emma Brown,Corporate,L. Garcia,6,1648.97,0.25,2473.45,9893.82,7420.37,1203.84,7223.04,197.33,2.66,Economy,Bank Transfer,Returned,Yes
ORD-10319,2025-02-07,2025-02-14,2025,February,Q1,North,Michigan,Furniture,Standing Desk,CUST-1139,Ava Johnson,Consumer,A. Khan,9,2316.48,0.1,2084.83,20848.32,18763.49,1292.6,11633.4,7130.09,38.0,Same Day,Cash,Returned,Yes
ORD-10320,2023-01-14,2023-01-17,2023,January,Q1,East,Massachusetts,Furniture,Bookshelf,CUST-1140,Nida Brown,Home Office,S. Fatima,4,548.83,0.15,329.3,2195.32,1866.02,250.55,1002.2,863.82,46.29,Standard,Credit Card,Delivered,No
ORD-10321,2024-06-26,2024-06-29,2024,June,Q2,South,Florida,Furniture,Standing Desk,CUST-1141,Omar Ali,Home Office,R. Ahmed,15,1461.66,0.05,1096.25,21924.9,20828.65,770.11,11551.65,9277.0,44.54,Standard,PayPal,Delivered,No
ORD-10322,2023-07-15,2023-07-20,2023,July,Q3,South,Texas,Appliances,Air Purifier,CUST-1142,Bilal Chaudhry,Corporate,T. Brown,11,761.48,0.2,1675.26,8376.28,6701.02,360.59,3966.49,2734.53,40.81,Standard,Debit Card,Delivered,No
ORD-10323,2024-09-16,2024-09-21,2024,September,Q3,Central,Illinois,Appliances,Coffee Maker,CUST-1143,Farhan Malik,Home Office,T. Brown,1,808.5,0.0,0.0,808.5,808.5,443.1,443.1,365.4,45.19,Economy,Cash,Delivered,No
ORD-10324,2025-06-03,2025-06-06,2025,June,Q2,Central,Ohio,Electronics,Smartphone,CUST-1144,William Davis,Home Office,T. Brown,13,994.89,0.0,0.0,12933.57,12933.57,548.04,7124.52,5809.05,44.91,Same Day,Credit Card,Shipped,No
ORD-10325,2023-09-25,2023-10-02,2023,September,Q3,South,Georgia,Appliances,Air Purifier,CUST-1145,Isabella Shaikh,Home Office,R. Ahmed,3,1210.09,0.05,181.51,3630.27,3448.76,721.65,2164.95,1283.81,37.23,Express,Credit Card,Delivered,No
ORD-10326,2023-08-19,2023-08-25,2023,August,Q3,North,Wisconsin,Office Supplies,Printer Paper,CUST-1146,Liam Davis,Corporate,S. Fatima,7,1067.5,0.15,1120.88,7472.5,6351.62,541.38,3789.66,2561.96,40.34,Same Day,Cash,Shipped,No
ORD-10327,2023-04-02,2023-04-09,2023,April,Q2,South,Georgia,Furniture,Filing Cabinet,CUST-1147,Sara Ali,Consumer,S. Fatima,4,511.22,0.15,306.73,2044.88,1738.15,253.97,1015.88,722.27,41.55,Same Day,Credit Card,Shipped,No
ORD-10328,2025-07-10,2025-07-14,2025,July,Q3,North,Michigan,Electronics,Tablet,CUST-1148,Sophia Butt,Home Office,S. Fatima,1,839.71,0.05,41.99,839.71,797.72,429.21,429.21,368.51,46.2,Standard,Bank Transfer,Delivered,No
ORD-10329,2023-12-15,2023-12-16,2023,December,Q4,Central,Ohio,Electronics,Tablet,CUST-1149,Ayesha Ali,Corporate,L. Garcia,5,513.73,0.1,256.87,2568.65,2311.78,239.36,1196.8,1114.98,48.23,Standard,Credit Card,Delivered,No
ORD-10330,2025-02-18,2025-02-23,2025,February,Q1,North,Michigan,Appliances,Coffee Maker,CUST-1150,Mason Brown,Consumer,N. Patel,12,262.52,0.15,472.54,3150.24,2677.7,156.3,1875.6,802.1,29.95,Standard,Credit Card,Delivered,No
ORD-10331,2025-09-30,2025-10-04,2025,September,Q3,West,Oregon,Office Supplies,Notebook,CUST-1151,Liam Butt,Home Office,J. Chen,12,405.16,0.15,729.29,4861.92,4132.63,265.5,3186.0,946.63,22.91,Standard,PayPal,Delivered,No
ORD-10332,2023-11-07,2023-11-10,2023,November,Q4,South,Texas,Office Supplies,Stapler,CUST-1152,Olivia Brown,Home Office,R. Ahmed,15,991.22,0.0,0.0,14868.3,14868.3,472.16,7082.4,7785.9,52.37,Economy,Debit Card,Returned,Yes
ORD-10333,2024-11-05,2024-11-09,2024,November,Q4,Central,Illinois,Appliances,Microwave,CUST-1153,Mariam Malik,Home Office,S. Fatima,9,342.45,0.0,0.0,3082.05,3082.05,213.79,1924.11,1157.94,37.57,Economy,Debit Card,Delivered,No
ORD-10334,2025-12-27,2026-01-02,2025,December,Q4,Central,Illinois,Office Supplies,Printer Paper,CUST-1154,Emma Smith,Corporate,N. Patel,2,472.58,0.0,0.0,945.16,945.16,315.74,631.48,313.68,33.19,Same Day,Debit Card,Returned,Yes
ORD-10335,2023-02-23,2023-03-02,2023,February,Q1,West,California,Furniture,Standing Desk,CUST-1155,Farhan Khan,Home Office,N. Patel,10,1548.11,0.05,774.06,15481.1,14707.04,973.62,9736.2,4970.84,33.8,Express,Cash,Delivered,No
ORD-10336,2025-03-04,2025-03-08,2025,March,Q1,Central,Missouri,Office Supplies,Stapler,CUST-1156,Noah Khan,Corporate,R. Ahmed,8,356.72,0.05,142.69,2853.76,2711.07,184.74,1477.92,1233.15,45.49,Express,Debit Card,Cancelled,No
ORD-10337,2025-09-30,2025-10-06,2025,September,Q3,East,New York,Appliances,Air Purifier,CUST-1157,Bilal Davis,Corporate,L. Garcia,6,2168.94,0.05,650.68,13013.64,12362.96,1254.23,7525.38,4837.58,39.13,Economy,Cash,Shipped,No
ORD-10338,2023-08-12,2023-08-16,2023,August,Q3,Central,Ohio,Electronics,Headphones,CUST-1158,Farhan Brown,Home Office,A. Khan,8,2070.12,0.0,0.0,16560.96,16560.96,1476.69,11813.52,4747.44,28.67,Economy,Cash,Delivered,No
ORD-10339,2025-03-26,2025-03-29,2025,March,Q1,East,New York,Office Supplies,Pen Set,CUST-1159,Omar Davis,Home Office,S. Fatima,13,2071.64,0.25,6732.83,26931.32,20198.49,1035.71,13464.23,6734.26,33.34,Economy,Bank Transfer,Cancelled,No
ORD-10340,2023-10-05,2023-10-09,2023,October,Q4,East,Massachusetts,Electronics,Smartphone,CUST-1160,Isabella Shaikh,Consumer,J. Chen,7,818.8,0.0,0.0,5731.6,5731.6,412.4,2886.8,2844.8,49.63,Same Day,Debit Card,Cancelled,No
ORD-10341,2025-01-13,2025-01-14,2025,January,Q1,East,New York,Electronics,Monitor,CUST-1161,Olivia Khan,Corporate,S. Fatima,9,1772.59,0.0,0.0,15953.31,15953.31,999.04,8991.36,6961.95,43.64,Express,Debit Card,Processing,No
ORD-10342,2024-09-22,2024-09-25,2024,September,Q3,West,Oregon,Electronics,Monitor,CUST-1162,Zain Ali,Consumer,A. Khan,12,1925.05,0.25,5775.15,23100.6,17325.45,1033.05,12396.6,4928.85,28.45,Same Day,Credit Card,Cancelled,No
ORD-10343,2023-01-12,2023-01-17,2023,January,Q1,South,Florida,Appliances,Air Purifier,CUST-1163,William Johnson,Consumer,A. Khan,15,1241.26,0.05,930.95,18618.9,17687.95,777.85,11667.75,6020.2,34.04,Express,Cash,Delivered,No
ORD-10344,2024-01-14,2024-01-16,2024,January,Q1,North,Michigan,Furniture,Office Chair,CUST-1164,Bilal Davis,Corporate,L. Garcia,1,1638.39,0.0,0.0,1638.39,1638.39,808.73,808.73,829.66,50.64,Standard,Credit Card,Processing,No
ORD-10345,2024-08-05,2024-08-10,2024,August,Q3,East,New Jersey,Furniture,Standing Desk,CUST-1165,Isabella Chaudhry,Consumer,J. Chen,11,1733.41,0.0,0.0,19067.51,19067.51,1282.53,14107.83,4959.68,26.01,Same Day,PayPal,Returned,Yes
ORD-10346,2023-05-13,2023-05-16,2023,May,Q2,South,Texas,Appliances,Air Purifier,CUST-1166,Noah Brown,Consumer,A. Khan,8,349.35,0.1,279.48,2794.8,2515.32,191.71,1533.68,981.64,39.03,Standard,Cash,Delivered,No
ORD-10347,2024-08-11,2024-08-15,2024,August,Q3,Central,Illinois,Appliances,Air Purifier,CUST-1167,Mason Chaudhry,Home Office,N. Patel,10,2121.78,0.1,2121.78,21217.8,19096.02,1289.23,12892.3,6203.72,32.49,Economy,Bank Transfer,Cancelled,No
ORD-10348,2024-02-01,2024-02-02,2024,February,Q1,West,Oregon,Furniture,Bookshelf,CUST-1168,Mariam Davis,Corporate,A. Khan,2,74.61,0.0,0.0,149.22,149.22,50.08,100.16,49.06,32.88,Same Day,PayPal,Returned,Yes
ORD-10349,2024-02-17,2024-02-23,2024,February,Q1,Central,Ohio,Furniture,Office Chair,CUST-1169,Sophia Brown,Consumer,M. Ali,5,647.23,0.0,0.0,3236.15,3236.15,351.01,1755.05,1481.1,45.77,Same Day,PayPal,Delivered,No
ORD-10350,2024-02-02,2024-02-05,2024,February,Q1,South,Georgia,Electronics,Smartphone,CUST-1170,Bilal Malik,Home Office,N. Patel,14,854.77,0.25,2991.7,11966.78,8975.08,619.58,8674.12,300.96,3.35,Same Day,Bank Transfer,Delivered,No
ORD-10351,2024-09-05,2024-09-10,2024,September,Q3,South,Georgia,Electronics,Headphones,CUST-1171,Emma Chaudhry,Consumer,J. Chen,12,1700.32,0.0,0.0,20403.84,20403.84,871.38,10456.56,9947.28,48.75,Standard,PayPal,Delivered,No
ORD-10352,2024-01-19,2024-01-24,2024,January,Q1,South,Georgia,Furniture,Filing Cabinet,CUST-1172,Emma Khan,Consumer,N. Patel,2,2163.52,0.1,432.7,4327.04,3894.34,1431.34,2862.68,1031.66,26.49,Express,PayPal,Delivered,No
ORD-10353,2023-12-25,2023-12-26,2023,December,Q4,South,Florida,Furniture,Bookshelf,CUST-1173,Ava Brown,Corporate,S. Fatima,6,1965.59,0.05,589.68,11793.54,11203.86,1423.1,8538.6,2665.26,23.79,Express,PayPal,Delivered,No
ORD-10354,2023-10-21,2023-10-28,2023,October,Q4,South,Georgia,Office Supplies,Notebook,CUST-1174,Bilal Johnson,Home Office,M. Ali,14,259.16,0.0,0.0,3628.24,3628.24,132.57,1855.98,1772.26,48.85,Standard,PayPal,Delivered,No
ORD-10355,2025-08-14,2025-08-15,2025,August,Q3,East,Massachusetts,Electronics,Tablet,CUST-1175,Omar Shaikh,Consumer,J. Chen,2,1308.64,0.1,261.73,2617.28,2355.55,597.71,1195.42,1160.13,49.25,Same Day,Cash,Delivered,No
ORD-10356,2023-11-02,2023-11-04,2023,November,Q4,North,Wisconsin,Electronics,Tablet,CUST-1176,Liam Brown,Consumer,J. Chen,5,299.43,0.0,0.0,1497.15,1497.15,153.3,766.5,730.65,48.8,Express,Debit Card,Delivered,No
ORD-10357,2023-04-14,2023-04-16,2023,April,Q2,East,New Jersey,Office Supplies,Pen Set,CUST-1177,Bilal Ali,Consumer,N. Patel,1,1184.78,0.0,0.0,1184.78,1184.78,570.8,570.8,613.98,51.82,Same Day,PayPal,Delivered,No
ORD-10358,2023-09-27,2023-09-28,2023,September,Q3,North,Minnesota,Electronics,Monitor,CUST-1178,Omar Johnson,Consumer,S. Fatima,14,2008.84,0.25,7030.94,28123.76,21092.82,962.59,13476.26,7616.56,36.11,Same Day,PayPal,Delivered,No
ORD-10359,2025-07-17,2025-07-21,2025,July,Q3,South,Texas,Office Supplies,Notebook,CUST-1179,Ava Malik,Corporate,S. Fatima,1,177.43,0.0,0.0,177.43,177.43,98.55,98.55,78.88,44.46,Standard,Bank Transfer,Delivered,No
ORD-10360,2025-12-27,2025-12-31,2025,December,Q4,East,New Jersey,Electronics,Tablet,CUST-1000,James Malik,Corporate,M. Ali,7,1482.48,0.05,518.87,10377.36,9858.49,943.25,6602.75,3255.74,33.02,Same Day,Debit Card,Returned,Yes
ORD-10361,2024-12-01,2024-12-06,2024,December,Q4,Central,Missouri,Appliances,Air Purifier,CUST-1001,Isabella Johnson,Home Office,N. Patel,12,601.84,0.0,0.0,7222.08,7222.08,404.32,4851.84,2370.24,32.82,Same Day,Cash,Delivered,No
ORD-10362,2025-04-11,2025-04-12,2025,April,Q2,East,New Jersey,Furniture,Bookshelf,CUST-1002,Bilal Ali,Consumer,A. Khan,10,285.23,0.2,570.46,2852.3,2281.84,156.37,1563.7,718.14,31.47,Express,Debit Card,Delivered,No
ORD-10363,2025-07-04,2025-07-06,2025,July,Q3,South,Georgia,Office Supplies,Pen Set,CUST-1003,Omar Smith,Corporate,M. Ali,4,1708.57,0.15,1025.14,6834.28,5809.14,922.49,3689.96,2119.18,36.48,Standard,Cash,Shipped,No
ORD-10364,2023-05-08,2023-05-11,2023,May,Q2,Central,Missouri,Furniture,Bookshelf,CUST-1004,James Chaudhry,Corporate,A. Khan,15,1378.98,0.0,0.0,20684.7,20684.7,620.89,9313.35,11371.35,54.97,Express,Bank Transfer,Delivered,No
ORD-10365,2025-04-11,2025-04-15,2025,April,Q2,Central,Missouri,Office Supplies,Pen Set,CUST-1005,Mariam Brown,Corporate,T. Brown,7,1369.62,0.0,0.0,9587.34,9587.34,811.45,5680.15,3907.19,40.75,Express,PayPal,Delivered,No
ORD-10366,2023-02-02,2023-02-04,2023,February,Q1,West,California,Electronics,Laptop,CUST-1006,Hina Ali,Corporate,N. Patel,12,2213.95,0.2,5313.48,26567.4,21253.92,1643.84,19726.08,1527.84,7.19,Economy,Cash,Delivered,No
ORD-10367,2025-07-10,2025-07-14,2025,July,Q3,West,Washington,Appliances,Air Purifier,CUST-1007,Isabella Johnson,Consumer,J. Chen,6,575.97,0.2,691.16,3455.82,2764.66,363.65,2181.9,582.76,21.08,Economy,Cash,Processing,No
ORD-10368,2025-09-16,2025-09-22,2025,September,Q3,Central,Missouri,Electronics,Laptop,CUST-1008,Sara Malik,Home Office,J. Chen,6,296.21,0.25,444.31,1777.26,1332.95,218.76,1312.56,20.39,1.53,Economy,Cash,Shipped,No
ORD-10369,2025-08-25,2025-08-31,2025,August,Q3,East,Massachusetts,Electronics,Smartphone,CUST-1009,James Davis,Consumer,L. Garcia,12,1664.39,0.0,0.0,19972.68,19972.68,1090.55,13086.6,6886.08,34.48,Standard,Bank Transfer,Delivered,No
ORD-10370,2024-11-09,2024-11-13,2024,November,Q4,South,Georgia,Appliances,Air Purifier,CUST-1010,Bilal Davis,Home Office,J. Chen,6,2402.04,0.1,1441.22,14412.24,12971.02,1289.33,7735.98,5235.04,40.36,Standard,Bank Transfer,Shipped,No
ORD-10371,2023-02-25,2023-02-28,2023,February,Q1,Central,Illinois,Electronics,Tablet,CUST-1011,Nida Butt,Corporate,J. Chen,8,220.04,0.0,0.0,1760.32,1760.32,155.22,1241.76,518.56,29.46,Same Day,Credit Card,Delivered,No
ORD-10372,2025-07-03,2025-07-06,2025,July,Q3,East,Massachusetts,Furniture,Standing Desk,CUST-1012,Sophia Khan,Consumer,S. Fatima,13,450.87,0.05,293.07,5861.31,5568.24,268.48,3490.24,2078.0,37.32,Express,Bank Transfer,Delivered,No
ORD-10373,2023-12-09,2023-12-11,2023,December,Q4,South,Florida,Furniture,Filing Cabinet,CUST-1013,Nida Ali,Corporate,T. Brown,10,1839.89,0.15,2759.84,18398.9,15639.06,857.94,8579.4,7059.66,45.14,Economy,PayPal,Delivered,No
ORD-10374,2025-03-09,2025-03-13,2025,March,Q1,South,Georgia,Furniture,Filing Cabinet,CUST-1014,Ava Smith,Home Office,A. Khan,5,375.7,0.2,375.7,1878.5,1502.8,170.4,852.0,650.8,43.31,Standard,Cash,Shipped,No
ORD-10375,2024-07-07,2024-07-10,2024,July,Q3,North,Wisconsin,Office Supplies,Notebook,CUST-1015,Farhan Davis,Home Office,L. Garcia,13,259.22,0.2,673.97,3369.86,2695.89,152.51,1982.63,713.26,26.46,Express,PayPal,Processing,No
ORD-10376,2023-01-25,2023-01-29,2023,January,Q1,Central,Illinois,Electronics,Laptop,CUST-1016,Omar Butt,Consumer,M. Ali,2,1320.28,0.25,660.14,2640.56,1980.42,733.36,1466.72,513.7,25.94,Standard,Cash,Delivered,No
ORD-10377,2023-06-26,2023-07-03,2023,June,Q2,West,Oregon,Electronics,Laptop,CUST-1017,Zain Butt,Home Office,M. Ali,10,337.82,0.0,0.0,3378.2,3378.2,242.83,2428.3,949.9,28.12,Economy,PayPal,Delivered,No
ORD-10378,2023-11-28,2023-12-05,2023,November,Q4,South,Georgia,Office Supplies,Notebook,CUST-1018,Emma Khan,Corporate,S. Fatima,2,704.06,0.0,0.0,1408.12,1408.12,397.68,795.36,612.76,43.52,Economy,Credit Card,Delivered,No
ORD-10379,2025-10-04,2025-10-05,2025,October,Q4,South,Texas,Appliances,Coffee Maker,CUST-1019,Usman Johnson,Consumer,A. Khan,3,1358.47,0.2,815.08,4075.41,3260.33,700.31,2100.93,1159.4,35.56,Standard,Credit Card,Shipped,No
ORD-10380,2023-02-08,2023-02-12,2023,February,Q1,Central,Ohio,Office Supplies,Pen Set,CUST-1020,Olivia Butt,Corporate,T. Brown,3,1637.37,0.0,0.0,4912.11,4912.11,1195.06,3585.18,1326.93,27.01,Standard,Cash,Delivered,No
ORD-10381,2023-05-24,2023-05-29,2023,May,Q2,South,Florida,Appliances,Microwave,CUST-1021,James Chaudhry,Corporate,T. Brown,4,23.22,0.25,23.22,92.88,69.66,11.29,45.16,24.5,35.17,Standard,Credit Card,Delivered,No
ORD-10382,2025-07-30,2025-08-06,2025,July,Q3,North,Michigan,Office Supplies,Printer Paper,CUST-1022,Bilal Smith,Corporate,T. Brown,13,735.55,0.05,478.11,9562.15,9084.04,369.97,4809.61,4274.43,47.05,Standard,PayPal,Shipped,No
ORD-10383,2024-01-24,2024-01-26,2024,January,Q1,South,Texas,Appliances,Air Purifier,CUST-1023,Sara Brown,Corporate,N. Patel,1,494.84,0.05,24.74,494.84,470.1,295.31,295.31,174.79,37.18,Standard,Credit Card,Shipped,No
ORD-10384,2025-04-10,2025-04-11,2025,April,Q2,North,Minnesota,Office Supplies,Printer Paper,CUST-1024,James Malik,Consumer,M. Ali,4,2020.65,0.25,2020.65,8082.6,6061.95,1479.17,5916.68,145.27,2.4,Standard,Debit Card,Shipped,No
ORD-10385,2023-04-04,2023-04-06,2023,April,Q2,South,Georgia,Electronics,Monitor,CUST-1025,Bilal Butt,Consumer,N. Patel,12,1627.23,0.0,0.0,19526.76,19526.76,816.34,9796.08,9730.68,49.83,Express,Cash,Processing,No
ORD-10386,2024-03-27,2024-03-28,2024,March,Q1,East,New York,Electronics,Monitor,CUST-1026,Olivia Chaudhry,Home Office,S. Fatima,13,518.56,0.15,1011.19,6741.28,5730.09,359.6,4674.8,1055.29,18.42,Same Day,Debit Card,Delivered,No
ORD-10387,2023-05-10,2023-05-11,2023,May,Q2,East,Massachusetts,Furniture,Bookshelf,CUST-1027,Liam Brown,Consumer,A. Khan,5,365.97,0.2,365.97,1829.85,1463.88,183.14,915.7,548.18,37.45,Express,Credit Card,Delivered,No
ORD-10388,2025-09-24,2025-09-25,2025,September,Q3,Central,Missouri,Furniture,Office Chair,CUST-1028,Isabella Butt,Corporate,S. Fatima,1,32.95,0.0,0.0,32.95,32.95,21.81,21.81,11.14,33.81,Express,Debit Card,Delivered,No
ORD-10389,2024-05-04,2024-05-06,2024,May,Q2,North,Michigan,Appliances,Microwave,CUST-1029,Mason Ali,Corporate,L. Garcia,10,1733.81,0.0,0.0,17338.1,17338.1,1153.26,11532.6,5805.5,33.48,Economy,Credit Card,Shipped,No
ORD-10390,2025-12-21,2025-12-22,2025,December,Q4,Central,Illinois,Furniture,Office Chair,CUST-1030,Mariam Butt,Consumer,S. Fatima,10,914.32,0.05,457.16,9143.2,8686.04,538.78,5387.8,3298.24,37.97,Economy,Bank Transfer,Delivered,No
ORD-10391,2025-01-15,2025-01-18,2025,January,Q1,West,California,Electronics,Laptop,CUST-1031,Ava Khan,Consumer,S. Fatima,4,1095.16,0.15,657.1,4380.64,3723.54,695.48,2781.92,941.62,25.29,Express,Credit Card,Delivered,No
ORD-10392,2024-04-26,2024-05-02,2024,April,Q2,South,Georgia,Electronics,Laptop,CUST-1032,Emma Shaikh,Corporate,R. Ahmed,8,1487.88,0.15,1785.46,11903.04,10117.58,856.6,6852.8,3264.78,32.27,Standard,Debit Card,Processing,No
ORD-10393,2023-05-31,2023-06-04,2023,May,Q2,South,Texas,Appliances,Coffee Maker,CUST-1033,Mason Johnson,Corporate,S. Fatima,10,1218.75,0.2,2437.5,12187.5,9750.0,601.43,6014.3,3735.7,38.31,Economy,Debit Card,Delivered,No
ORD-10394,2023-09-18,2023-09-19,2023,September,Q3,North,Wisconsin,Furniture,Bookshelf,CUST-1034,Ava Johnson,Corporate,R. Ahmed,12,1428.13,0.1,1713.76,17137.56,15423.8,701.14,8413.68,7010.12,45.45,Same Day,Cash,Delivered,No
ORD-10395,2023-06-27,2023-07-01,2023,June,Q2,West,Oregon,Furniture,Standing Desk,CUST-1035,Ava Butt,Corporate,R. Ahmed,14,1311.6,0.05,918.12,18362.4,17444.28,823.0,11522.0,5922.28,33.95,Express,PayPal,Delivered,No
ORD-10396,2023-01-11,2023-01-15,2023,January,Q1,South,Georgia,Furniture,Standing Desk,CUST-1036,Sophia Khan,Corporate,N. Patel,1,114.55,0.25,28.64,114.55,85.91,76.75,76.75,9.16,10.66,Standard,Bank Transfer,Delivered,No
ORD-10397,2023-01-26,2023-02-01,2023,January,Q1,South,Texas,Electronics,Headphones,CUST-1037,Omar Shaikh,Consumer,A. Khan,12,1025.45,0.05,615.27,12305.4,11690.13,502.28,6027.36,5662.77,48.44,Economy,PayPal,Shipped,No
ORD-10398,2023-02-19,2023-02-23,2023,February,Q1,West,Oregon,Appliances,Air Purifier,CUST-1038,Liam Johnson,Consumer,M. Ali,8,1933.01,0.2,3092.82,15464.08,12371.26,977.11,7816.88,4554.38,36.81,Economy,PayPal,Shipped,No
ORD-10399,2024-07-06,2024-07-12,2024,July,Q3,Central,Illinois,Office Supplies,Pen Set,CUST-1039,Sara Davis,Home Office,A. Khan,10,1362.95,0.05,681.48,13629.5,12948.02,935.4,9354.0,3594.02,27.76,Same Day,Credit Card,Cancelled,No
ORD-10400,2023-03-25,2023-03-28,2023,March,Q1,East,New Jersey,Office Supplies,Pen Set,CUST-1040,Mariam Malik,Consumer,M. Ali,6,450.54,0.0,0.0,2703.24,2703.24,278.54,1671.24,1032.0,38.18,Economy,Cash,Returned,Yes
ORD-10401,2024-12-23,2024-12-26,2024,December,Q4,West,Oregon,Furniture,Bookshelf,CUST-1041,Liam Chaudhry,Home Office,M. Ali,9,1705.36,0.1,1534.82,15348.24,13813.42,795.27,7157.43,6655.99,48.18,Economy,Cash,Delivered,No
ORD-10402,2025-01-23,2025-01-30,2025,January,Q1,Central,Missouri,Appliances,Air Purifier,CUST-1042,Ava Ali,Consumer,J. Chen,11,2364.23,0.0,0.0,26006.53,26006.53,1197.5,13172.5,12834.03,49.35,Standard,Credit Card,Delivered,No
ORD-10403,2025-10-13,2025-10-15,2025,October,Q4,West,Washington,Electronics,Smartphone,CUST-1043,James Malik,Corporate,N. Patel,14,522.58,0.0,0.0,7316.12,7316.12,281.12,3935.68,3380.44,46.21,Standard,PayPal,Delivered,No
ORD-10404,2025-11-30,2025-12-06,2025,November,Q4,West,California,Electronics,Smartphone,CUST-1044,Emma Johnson,Home Office,N. Patel,6,1038.05,0.15,934.25,6228.3,5294.05,671.34,4028.04,1266.01,23.91,Economy,PayPal,Delivered,No
ORD-10405,2024-06-16,2024-06-18,2024,June,Q2,Central,Illinois,Office Supplies,Stapler,CUST-1045,Bilal Malik,Corporate,S. Fatima,8,939.18,0.1,751.34,7513.44,6762.1,639.51,5116.08,1646.02,24.34,Express,Cash,Delivered,No
ORD-10406,2023-11-27,2023-11-29,2023,November,Q4,North,Minnesota,Furniture,Standing Desk,CUST-1046,Ava Butt,Consumer,A. Khan,2,117.26,0.15,35.18,234.52,199.34,72.98,145.96,53.38,26.78,Same Day,PayPal,Delivered,No
ORD-10407,2023-11-29,2023-12-04,2023,November,Q4,West,Washington,Appliances,Air Purifier,CUST-1047,William Malik,Corporate,S. Fatima,5,316.9,0.0,0.0,1584.5,1584.5,181.07,905.35,679.15,42.86,Standard,Cash,Returned,Yes
ORD-10408,2024-08-16,2024-08-23,2024,August,Q3,Central,Missouri,Office Supplies,Pen Set,CUST-1048,Usman Johnson,Consumer,M. Ali,10,1672.22,0.25,4180.55,16722.2,12541.65,922.41,9224.1,3317.55,26.45,Same Day,Credit Card,Cancelled,No
ORD-10409,2025-01-01,2025-01-02,2025,January,Q1,South,Georgia,Furniture,Filing Cabinet,CUST-1049,Farhan Butt,Consumer,N. Patel,6,151.76,0.05,45.53,910.56,865.03,94.85,569.1,295.93,34.21,Standard,Cash,Delivered,No
ORD-10410,2025-11-13,2025-11-14,2025,November,Q4,South,Texas,Appliances,Microwave,CUST-1050,Noah Chaudhry,Consumer,J. Chen,15,1671.91,0.2,5015.73,25078.65,20062.92,826.57,12398.55,7664.37,38.2,Same Day,PayPal,Delivered,No
ORD-10411,2025-06-28,2025-07-04,2025,June,Q2,North,Wisconsin,Electronics,Smartphone,CUST-1051,Noah Smith,Home Office,M. Ali,7,2012.16,0.1,1408.51,14085.12,12676.61,1004.34,7030.38,5646.23,44.54,Express,Debit Card,Delivered,No
ORD-10412,2025-02-08,2025-02-09,2025,February,Q1,North,Wisconsin,Office Supplies,Printer Paper,CUST-1052,James Johnson,Consumer,R. Ahmed,1,1032.51,0.1,103.25,1032.51,929.26,593.03,593.03,336.23,36.18,Express,Bank Transfer,Shipped,No
ORD-10413,2024-09-10,2024-09-17,2024,September,Q3,North,Michigan,Appliances,Coffee Maker,CUST-1053,Ayesha Malik,Home Office,N. Patel,10,770.23,0.25,1925.58,7702.3,5776.72,398.48,3984.8,1791.92,31.02,Standard,PayPal,Delivered,No
ORD-10414,2024-05-16,2024-05-17,2024,May,Q2,South,Texas,Appliances,Air Purifier,CUST-1054,Sara Davis,Home Office,N. Patel,2,1915.33,0.25,957.66,3830.66,2873.0,1433.24,2866.48,6.52,0.23,Economy,PayPal,Shipped,No
ORD-10415,2025-11-15,2025-11-21,2025,November,Q4,South,Georgia,Electronics,Tablet,CUST-1055,Bilal Malik,Home Office,S. Fatima,10,58.6,0.1,58.6,586.0,527.4,29.23,292.3,235.1,44.58,Same Day,Debit Card,Delivered,No
ORD-10416,2024-12-30,2024-12-31,2024,December,Q4,East,New Jersey,Office Supplies,Pen Set,CUST-1056,Zain Ali,Consumer,L. Garcia,5,739.79,0.0,0.0,3698.95,3698.95,446.95,2234.75,1464.2,39.58,Same Day,PayPal,Delivered,No
ORD-10417,2025-12-30,2026-01-04,2025,December,Q4,North,Michigan,Office Supplies,Printer Paper,CUST-1057,Omar Chaudhry,Corporate,L. Garcia,6,2060.94,0.0,0.0,12365.64,12365.64,1012.1,6072.6,6293.04,50.89,Express,Credit Card,Processing,No
ORD-10418,2025-12-12,2025-12-19,2025,December,Q4,West,California,Furniture,Standing Desk,CUST-1058,Sara Ali,Consumer,N. Patel,9,1785.68,0.0,0.0,16071.12,16071.12,1027.13,9244.17,6826.95,42.48,Same Day,PayPal,Processing,No
ORD-10419,2025-12-07,2025-12-14,2025,December,Q4,North,Minnesota,Appliances,Air Purifier,CUST-1059,Usman Shaikh,Home Office,S. Fatima,6,442.93,0.1,265.76,2657.58,2391.82,203.14,1218.84,1172.98,49.04,Express,PayPal,Delivered,No
ORD-10420,2025-05-20,2025-05-26,2025,May,Q2,West,California,Furniture,Office Chair,CUST-1060,William Smith,Consumer,A. Khan,13,1963.31,0.0,0.0,25523.03,25523.03,894.57,11629.41,13893.62,54.44,Standard,Bank Transfer,Delivered,No
ORD-10421,2024-09-09,2024-09-15,2024,September,Q3,East,New Jersey,Electronics,Laptop,CUST-1061,Mariam Davis,Consumer,L. Garcia,1,1890.06,0.0,0.0,1890.06,1890.06,1372.24,1372.24,517.82,27.4,Standard,Credit Card,Cancelled,No
ORD-10422,2024-12-22,2024-12-24,2024,December,Q4,West,Oregon,Office Supplies,Notebook,CUST-1062,Sara Ali,Consumer,R. Ahmed,14,1259.08,0.05,881.36,17627.12,16745.76,757.3,10602.2,6143.56,36.69,Express,PayPal,Processing,No
ORD-10423,2024-03-14,2024-03-19,2024,March,Q1,West,Oregon,Electronics,Laptop,CUST-1063,Zain Johnson,Consumer,S. Fatima,14,1773.77,0.15,3724.92,24832.78,21107.86,1169.69,16375.66,4732.2,22.42,Same Day,Bank Transfer,Shipped,No
ORD-10424,2023-08-20,2023-08-27,2023,August,Q3,South,Texas,Furniture,Filing Cabinet,CUST-1064,William Chaudhry,Home Office,A. Khan,6,322.18,0.0,0.0,1933.08,1933.08,195.21,1171.26,761.82,39.41,Standard,PayPal,Shipped,No
ORD-10425,2025-07-24,2025-07-29,2025,July,Q3,South,Texas,Appliances,Microwave,CUST-1065,Noah Butt,Corporate,R. Ahmed,12,790.34,0.25,2371.02,9484.08,7113.06,409.21,4910.52,2202.54,30.96,Standard,Bank Transfer,Returned,Yes
ORD-10426,2023-08-04,2023-08-08,2023,August,Q3,North,Minnesota,Electronics,Monitor,CUST-1066,Olivia Smith,Consumer,S. Fatima,8,1313.82,0.0,0.0,10510.56,10510.56,638.21,5105.68,5404.88,51.42,Standard,PayPal,Shipped,No
ORD-10427,2023-09-09,2023-09-11,2023,September,Q3,West,Washington,Furniture,Filing Cabinet,CUST-1067,Isabella Davis,Home Office,T. Brown,14,1070.39,0.25,3746.36,14985.46,11239.1,571.11,7995.54,3243.56,28.86,Same Day,Bank Transfer,Delivered,No
ORD-10428,2024-07-25,2024-07-27,2024,July,Q3,Central,Missouri,Appliances,Air Purifier,CUST-1068,William Shaikh,Consumer,A. Khan,13,1144.77,0.0,0.0,14882.01,14882.01,601.24,7816.12,7065.89,47.48,Standard,Credit Card,Shipped,No
ORD-10429,2025-02-22,2025-02-27,2025,February,Q1,East,New Jersey,Electronics,Smartphone,CUST-1069,Usman Ali,Home Office,N. Patel,11,827.49,0.1,910.24,9102.39,8192.15,526.77,5794.47,2397.68,29.27,Economy,Debit Card,Shipped,No
ORD-10430,2025-10-30,2025-11-02,2025,October,Q4,North,Michigan,Appliances,Microwave,CUST-1070,Bilal Smith,Consumer,T. Brown,9,868.88,0.0,0.0,7819.92,7819.92,639.3,5753.7,2066.22,26.42,Economy,PayPal,Cancelled,No
ORD-10431,2023-03-09,2023-03-11,2023,March,Q1,South,Florida,Appliances,Coffee Maker,CUST-1071,Zain Johnson,Corporate,T. Brown,9,1653.64,0.1,1488.28,14882.76,13394.48,1183.03,10647.27,2747.21,20.51,Economy,Credit Card,Delivered,No
ORD-10432,2025-08-20,2025-08-24,2025,August,Q3,Central,Ohio,Appliances,Air Purifier,CUST-1072,William Davis,Home Office,L. Garcia,9,2138.06,0.0,0.0,19242.54,19242.54,1213.17,10918.53,8324.01,43.26,Same Day,PayPal,Returned,Yes
ORD-10433,2025-01-20,2025-01-23,2025,January,Q1,East,New York,Electronics,Smartphone,CUST-1073,Emma Smith,Corporate,L. Garcia,13,1859.01,0.0,0.0,24167.13,24167.13,1263.31,16423.03,7744.1,32.04,Economy,PayPal,Delivered,No
ORD-10434,2024-04-25,2024-05-01,2024,April,Q2,East,Massachusetts,Furniture,Standing Desk,CUST-1074,Usman Chaudhry,Home Office,L. Garcia,5,1487.44,0.0,0.0,7437.2,7437.2,1057.1,5285.5,2151.7,28.93,Standard,Bank Transfer,Delivered,No
ORD-10435,2023-02-11,2023-02-17,2023,February,Q1,South,Georgia,Appliances,Microwave,CUST-1075,Olivia Chaudhry,Corporate,M. Ali,8,1476.15,0.15,1771.38,11809.2,10037.82,831.55,6652.4,3385.42,33.73,Express,PayPal,Delivered,No
ORD-10436,2024-09-05,2024-09-08,2024,September,Q3,South,Georgia,Office Supplies,Stapler,CUST-1076,James Shaikh,Consumer,J. Chen,7,516.37,0.0,0.0,3614.59,3614.59,362.55,2537.85,1076.74,29.79,Economy,Debit Card,Delivered,No
ORD-10437,2023-07-14,2023-07-19,2023,July,Q3,Central,Ohio,Electronics,Headphones,CUST-1077,Liam Ali,Corporate,J. Chen,6,694.31,0.25,1041.46,4165.86,3124.4,401.4,2408.4,716.0,22.92,Economy,Cash,Shipped,No
ORD-10438,2024-05-29,2024-06-03,2024,May,Q2,North,Minnesota,Appliances,Microwave,CUST-1078,Sophia Malik,Consumer,N. Patel,9,1141.27,0.0,0.0,10271.43,10271.43,815.17,7336.53,2934.9,28.57,Same Day,Cash,Delivered,No
ORD-10439,2024-02-15,2024-02-18,2024,February,Q1,Central,Missouri,Electronics,Headphones,CUST-1079,Omar Smith,Consumer,R. Ahmed,8,382.14,0.0,0.0,3057.12,3057.12,257.54,2060.32,996.8,32.61,Economy,PayPal,Delivered,No
ORD-10440,2024-04-28,2024-05-02,2024,April,Q2,North,Michigan,Furniture,Bookshelf,CUST-1080,Omar Johnson,Corporate,T. Brown,4,297.19,0.05,59.44,1188.76,1129.32,136.21,544.84,584.48,51.76,Standard,Debit Card,Delivered,No
ORD-10441,2024-06-13,2024-06-20,2024,June,Q2,West,Washington,Furniture,Office Chair,CUST-1081,Bilal Johnson,Consumer,M. Ali,13,705.26,0.0,0.0,9168.38,9168.38,453.69,5897.97,3270.41,35.67,Same Day,Cash,Processing,No
ORD-10442,2023-07-04,2023-07-08,2023,July,Q3,North,Minnesota,Appliances,Microwave,CUST-1082,Isabella Brown,Home Office,J. Chen,14,1814.72,0.0,0.0,25406.08,25406.08,945.13,13231.82,12174.26,47.92,Economy,Credit Card,Returned,Yes
ORD-10443,2024-11-05,2024-11-12,2024,November,Q4,West,Oregon,Electronics,Tablet,CUST-1083,Mariam Malik,Consumer,J. Chen,10,1847.03,0.05,923.51,18470.3,17546.79,1349.53,13495.3,4051.49,23.09,Economy,Bank Transfer,Delivered,No
ORD-10444,2025-12-28,2025-12-31,2025,December,Q4,North,Michigan,Electronics,Monitor,CUST-1084,William Shaikh,Consumer,L. Garcia,12,2372.55,0.15,4270.59,28470.6,24200.01,1456.09,17473.08,6726.93,27.8,Economy,PayPal,Returned,Yes
ORD-10445,2024-05-05,2024-05-08,2024,May,Q2,North,Minnesota,Electronics,Laptop,CUST-1085,Usman Brown,Corporate,T. Brown,9,970.96,0.15,1310.8,8738.64,7427.84,700.01,6300.09,1127.75,15.18,Standard,Bank Transfer,Cancelled,No
ORD-10446,2024-09-01,2024-09-03,2024,September,Q3,North,Wisconsin,Electronics,Smartphone,CUST-1086,Noah Khan,Consumer,N. Patel,14,2227.26,0.25,7795.41,31181.64,23386.23,1424.12,19937.68,3448.55,14.75,Economy,Bank Transfer,Delivered,No
ORD-10447,2023-11-25,2023-12-01,2023,November,Q4,North,Michigan,Appliances,Coffee Maker,CUST-1087,James Chaudhry,Consumer,A. Khan,5,1273.24,0.15,954.93,6366.2,5411.27,733.72,3668.6,1742.67,32.2,Express,Bank Transfer,Delivered,No
ORD-10448,2024-09-17,2024-09-20,2024,September,Q3,West,California,Appliances,Coffee Maker,CUST-1088,Hina Davis,Corporate,N. Patel,10,219.35,0.0,0.0,2193.5,2193.5,115.13,1151.3,1042.2,47.51,Economy,Debit Card,Shipped,No
ORD-10449,2024-02-11,2024-02-12,2024,February,Q1,North,Minnesota,Office Supplies,Notebook,CUST-1089,Isabella Shaikh,Consumer,R. Ahmed,7,928.48,0.2,1299.87,6499.36,5199.49,661.93,4633.51,565.98,10.89,Standard,Bank Transfer,Delivered,No
ORD-10450,2025-04-01,2025-04-06,2025,April,Q2,West,Washington,Furniture,Office Chair,CUST-1090,Liam Malik,Consumer,A. Khan,7,1506.98,0.0,0.0,10548.86,10548.86,718.41,5028.87,5519.99,52.33,Economy,Bank Transfer,Returned,Yes
ORD-10451,2024-01-26,2024-02-02,2024,January,Q1,South,Texas,Furniture,Standing Desk,CUST-1091,Olivia Malik,Consumer,R. Ahmed,14,1958.57,0.1,2742.0,27419.98,24677.98,1319.94,18479.16,6198.82,25.12,Same Day,Debit Card,Delivered,No
ORD-10452,2023-02-28,2023-03-03,2023,February,Q1,South,Texas,Appliances,Coffee Maker,CUST-1092,Liam Davis,Corporate,M. Ali,5,600.18,0.25,750.23,3000.9,2250.67,433.45,2167.25,83.42,3.71,Standard,Bank Transfer,Shipped,No
ORD-10453,2024-03-10,2024-03-16,2024,March,Q1,West,Washington,Appliances,Air Purifier,CUST-1093,James Khan,Consumer,N. Patel,7,1775.51,0.1,1242.86,12428.57,11185.71,837.89,5865.23,5320.48,47.56,Same Day,Cash,Delivered,No
ORD-10454,2024-06-03,2024-06-08,2024,June,Q2,Central,Ohio,Electronics,Laptop,CUST-1094,Hina Brown,Consumer,J. Chen,10,961.63,0.2,1923.26,9616.3,7693.04,626.39,6263.9,1429.14,18.58,Express,Cash,Delivered,No
ORD-10455,2023-07-03,2023-07-06,2023,July,Q3,South,Florida,Appliances,Coffee Maker,CUST-1095,Emma Khan,Corporate,J. Chen,12,1333.1,0.0,0.0,15997.2,15997.2,704.04,8448.48,7548.72,47.19,Same Day,Bank Transfer,Returned,Yes
ORD-10456,2025-06-11,2025-06-13,2025,June,Q2,North,Wisconsin,Office Supplies,Notebook,CUST-1096,Hina Brown,Home Office,N. Patel,6,1846.12,0.25,2769.18,11076.72,8307.54,1253.7,7522.2,785.34,9.45,Standard,Debit Card,Cancelled,No
ORD-10457,2023-03-15,2023-03-19,2023,March,Q1,West,California,Furniture,Standing Desk,CUST-1097,William Khan,Home Office,N. Patel,5,421.43,0.25,526.79,2107.15,1580.36,244.82,1224.1,356.26,22.54,Economy,Bank Transfer,Delivered,No
ORD-10458,2024-12-16,2024-12-17,2024,December,Q4,East,Massachusetts,Furniture,Office Chair,CUST-1098,Sophia Butt,Home Office,R. Ahmed,4,2172.41,0.0,0.0,8689.64,8689.64,1521.74,6086.96,2602.68,29.95,Standard,Cash,Delivered,No
ORD-10459,2024-05-19,2024-05-26,2024,May,Q2,Central,Illinois,Appliances,Coffee Maker,CUST-1099,Usman Smith,Consumer,L. Garcia,8,1697.12,0.15,2036.54,13576.96,11540.42,776.92,6215.36,5325.06,46.14,Express,Credit Card,Delivered,No
ORD-10460,2024-07-05,2024-07-10,2024,July,Q3,East,New Jersey,Appliances,Microwave,CUST-1100,Ava Chaudhry,Home Office,S. Fatima,11,29.43,0.0,0.0,323.73,323.73,19.04,209.44,114.29,35.3,Express,Credit Card,Returned,Yes
ORD-10461,2025-02-20,2025-02-21,2025,February,Q1,North,Wisconsin,Electronics,Laptop,CUST-1101,Olivia Ali,Consumer,S. Fatima,7,649.08,0.05,227.18,4543.56,4316.38,480.0,3360.0,956.38,22.16,Economy,Bank Transfer,Delivered,No
ORD-10462,2024-09-03,2024-09-07,2024,September,Q3,North,Michigan,Furniture,Office Chair,CUST-1102,Mason Malik,Consumer,L. Garcia,13,1089.41,0.1,1416.23,14162.33,12746.1,785.6,10212.8,2533.3,19.88,Express,Bank Transfer,Delivered,No
ORD-10463,2025-05-16,2025-05-17,2025,May,Q2,South,Florida,Appliances,Microwave,CUST-1103,Noah Smith,Home Office,L. Garcia,13,1065.0,0.15,2076.75,13845.0,11768.25,675.38,8779.94,2988.31,25.39,Economy,Debit Card,Delivered,No
ORD-10464,2025-08-16,2025-08-20,2025,August,Q3,West,Washington,Electronics,Tablet,CUST-1104,Hina Butt,Home Office,T. Brown,2,2269.41,0.25,1134.7,4538.82,3404.12,1225.75,2451.5,952.62,27.98,Same Day,Cash,Processing,No
ORD-10465,2025-11-17,2025-11-18,2025,November,Q4,East,Massachusetts,Electronics,Laptop,CUST-1105,Isabella Butt,Home Office,M. Ali,9,1070.91,0.0,0.0,9638.19,9638.19,631.19,5680.71,3957.48,41.06,Standard,Credit Card,Delivered,No
ORD-10466,2023-04-03,2023-04-04,2023,April,Q2,South,Texas,Furniture,Filing Cabinet,CUST-1106,Ava Johnson,Corporate,L. Garcia,7,2193.74,0.1,1535.62,15356.18,13820.56,1193.8,8356.6,5463.96,39.54,Express,Debit Card,Shipped,No
ORD-10467,2025-06-07,2025-06-12,2025,June,Q2,West,California,Office Supplies,Printer Paper,CUST-1107,William Johnson,Home Office,N. Patel,1,29.53,0.0,0.0,29.53,29.53,13.41,13.41,16.12,54.59,Same Day,Cash,Shipped,No
ORD-10468,2023-06-29,2023-07-01,2023,June,Q2,Central,Missouri,Appliances,Microwave,CUST-1108,Mariam Khan,Home Office,S. Fatima,3,49.48,0.0,0.0,148.44,148.44,34.38,103.14,45.3,30.52,Express,Bank Transfer,Delivered,No
ORD-10469,2025-08-07,2025-08-09,2025,August,Q3,Central,Illinois,Electronics,Tablet,CUST-1109,Hina Johnson,Corporate,A. Khan,8,1063.37,0.0,0.0,8506.96,8506.96,531.51,4252.08,4254.88,50.02,Economy,Cash,Returned,Yes
ORD-10470,2023-04-15,2023-04-18,2023,April,Q2,West,California,Office Supplies,Pen Set,CUST-1110,William Davis,Home Office,J. Chen,1,270.12,0.2,54.02,270.12,216.1,200.93,200.93,15.17,7.02,Standard,Bank Transfer,Delivered,No
ORD-10471,2023-05-05,2023-05-10,2023,May,Q2,South,Florida,Appliances,Coffee Maker,CUST-1111,Nida Smith,Consumer,N. Patel,1,1063.68,0.15,159.55,1063.68,904.13,655.2,655.2,248.93,27.53,Same Day,Bank Transfer,Cancelled,No
ORD-10472,2024-01-29,2024-02-02,2024,January,Q1,South,Texas,Furniture,Bookshelf,CUST-1112,Emma Davis,Home Office,N. Patel,6,1103.71,0.05,331.11,6622.26,6291.15,691.25,4147.5,2143.65,34.07,Express,PayPal,Cancelled,No
ORD-10473,2023-11-28,2023-12-03,2023,November,Q4,South,Florida,Office Supplies,Pen Set,CUST-1113,Hina Malik,Home Office,N. Patel,4,716.91,0.0,0.0,2867.64,2867.64,466.08,1864.32,1003.32,34.99,Standard,Bank Transfer,Delivered,No
ORD-10474,2023-04-07,2023-04-08,2023,April,Q2,South,Florida,Furniture,Standing Desk,CUST-1114,Zain Brown,Consumer,L. Garcia,6,2204.05,0.15,1983.64,13224.3,11240.66,1439.42,8636.52,2604.14,23.17,Economy,Credit Card,Delivered,No
ORD-10475,2024-04-03,2024-04-07,2024,April,Q2,Central,Illinois,Electronics,Headphones,CUST-1115,James Butt,Home Office,M. Ali,5,2484.25,0.15,1863.19,12421.25,10558.06,1691.31,8456.55,2101.51,19.9,Standard,Bank Transfer,Cancelled,No
ORD-10476,2023-07-28,2023-08-04,2023,July,Q3,South,Texas,Electronics,Headphones,CUST-1116,Usman Shaikh,Consumer,J. Chen,9,119.29,0.0,0.0,1073.61,1073.61,59.66,536.94,536.67,49.99,Economy,Cash,Cancelled,No
ORD-10477,2025-01-14,2025-01-17,2025,January,Q1,South,Georgia,Electronics,Smartphone,CUST-1117,Noah Khan,Corporate,L. Garcia,14,357.36,0.05,250.15,5003.04,4752.89,207.89,2910.46,1842.43,38.76,Same Day,Cash,Delivered,No
ORD-10478,2025-04-29,2025-05-02,2025,April,Q2,West,California,Office Supplies,Notebook,CUST-1118,Sophia Smith,Consumer,T. Brown,11,1667.51,0.0,0.0,18342.61,18342.61,1127.17,12398.87,5943.74,32.4,Economy,Bank Transfer,Processing,No
ORD-10479,2025-06-25,2025-06-27,2025,June,Q2,South,Georgia,Office Supplies,Printer Paper,CUST-1119,Emma Smith,Consumer,T. Brown,13,39.72,0.0,0.0,516.36,516.36,18.88,245.44,270.92,52.47,Standard,Bank Transfer,Returned,Yes
ORD-10480,2025-11-30,2025-12-03,2025,November,Q4,East,Massachusetts,Furniture,Office Chair,CUST-1120,Emma Chaudhry,Corporate,S. Fatima,7,1013.98,0.1,709.79,7097.86,6388.07,675.78,4730.46,1657.61,25.95,Economy,Bank Transfer,Delivered,No
ORD-10481,2024-12-08,2024-12-15,2024,December,Q4,West,Oregon,Appliances,Air Purifier,CUST-1121,Sara Khan,Corporate,S. Fatima,13,1627.16,0.05,1057.65,21153.08,20095.43,1162.27,15109.51,4985.92,24.81,Same Day,Debit Card,Delivered,No
ORD-10482,2023-11-24,2023-11-25,2023,November,Q4,East,Massachusetts,Office Supplies,Notebook,CUST-1122,Omar Smith,Consumer,A. Khan,1,2227.44,0.1,222.74,2227.44,2004.7,1163.62,1163.62,841.08,41.96,Same Day,PayPal,Returned,Yes
ORD-10483,2023-09-13,2023-09-17,2023,September,Q3,Central,Missouri,Electronics,Laptop,CUST-1123,Farhan Davis,Home Office,R. Ahmed,5,1437.5,0.0,0.0,7187.5,7187.5,842.29,4211.45,2976.05,41.41,Same Day,PayPal,Delivered,No
ORD-10484,2025-11-30,2025-12-06,2025,November,Q4,North,Michigan,Furniture,Filing Cabinet,CUST-1124,Liam Johnson,Home Office,T. Brown,4,276.49,0.05,55.3,1105.96,1050.66,192.67,770.68,279.98,26.65,Economy,Credit Card,Delivered,No
ORD-10485,2025-09-02,2025-09-04,2025,September,Q3,East,New York,Appliances,Coffee Maker,CUST-1125,Sophia Smith,Home Office,N. Patel,8,209.01,0.2,334.42,1672.08,1337.66,130.94,1047.52,290.14,21.69,Economy,Bank Transfer,Cancelled,No
ORD-10486,2023-10-23,2023-10-28,2023,October,Q4,South,Georgia,Appliances,Coffee Maker,CUST-1126,Sophia Brown,Consumer,N. Patel,3,1219.64,0.25,914.73,3658.92,2744.19,596.18,1788.54,955.65,34.82,Economy,Credit Card,Delivered,No
ORD-10487,2025-04-16,2025-04-17,2025,April,Q2,West,Oregon,Office Supplies,Printer Paper,CUST-1127,Hina Ali,Corporate,J. Chen,2,933.42,0.1,186.68,1866.84,1680.16,431.32,862.64,817.52,48.66,Same Day,Bank Transfer,Delivered,No
ORD-10488,2023-04-10,2023-04-13,2023,April,Q2,East,New York,Furniture,Filing Cabinet,CUST-1128,William Khan,Corporate,M. Ali,15,719.45,0.0,0.0,10791.75,10791.75,500.55,7508.25,3283.5,30.43,Standard,Bank Transfer,Delivered,No
ORD-10489,2024-11-22,2024-11-29,2024,November,Q4,South,Georgia,Office Supplies,Pen Set,CUST-1129,Sophia Johnson,Home Office,N. Patel,7,1195.94,0.0,0.0,8371.58,8371.58,811.55,5680.85,2690.73,32.14,Express,PayPal,Processing,No
ORD-10490,2024-04-21,2024-04-25,2024,April,Q2,East,Massachusetts,Appliances,Microwave,CUST-1130,Sara Malik,Home Office,J. Chen,6,1359.37,0.25,2039.06,8156.22,6117.16,911.83,5470.98,646.18,10.56,Standard,Cash,Shipped,No
ORD-10491,2025-12-04,2025-12-06,2025,December,Q4,East,New York,Electronics,Headphones,CUST-1131,James Malik,Corporate,R. Ahmed,13,1197.45,0.0,0.0,15566.85,15566.85,582.06,7566.78,8000.07,51.39,Express,Cash,Returned,Yes
ORD-10492,2023-04-03,2023-04-07,2023,April,Q2,South,Texas,Office Supplies,Pen Set,CUST-1132,Noah Khan,Corporate,T. Brown,14,2335.61,0.15,4904.78,32698.54,27793.76,1357.24,19001.36,8792.4,31.63,Same Day,Credit Card,Cancelled,No
ORD-10493,2023-10-22,2023-10-24,2023,October,Q4,East,New York,Furniture,Bookshelf,CUST-1133,Noah Malik,Corporate,S. Fatima,5,1924.24,0.0,0.0,9621.2,9621.2,1043.01,5215.05,4406.15,45.8,Standard,Credit Card,Delivered,No
ORD-10494,2023-10-19,2023-10-23,2023,October,Q4,North,Wisconsin,Electronics,Tablet,CUST-1134,Usman Khan,Home Office,R. Ahmed,15,820.68,0.2,2462.04,12310.2,9848.16,601.13,9016.95,831.21,8.44,Economy,Cash,Delivered,No
ORD-10495,2023-05-05,2023-05-08,2023,May,Q2,Central,Missouri,Electronics,Tablet,CUST-1135,Noah Shaikh,Consumer,J. Chen,8,1389.51,0.0,0.0,11116.08,11116.08,827.11,6616.88,4499.2,40.47,Standard,Debit Card,Cancelled,No
ORD-10496,2025-04-13,2025-04-17,2025,April,Q2,Central,Ohio,Furniture,Bookshelf,CUST-1136,Hina Chaudhry,Consumer,R. Ahmed,2,2118.0,0.05,211.8,4236.0,4024.2,1450.54,2901.08,1123.12,27.91,Economy,Cash,Delivered,No
ORD-10497,2024-08-15,2024-08-21,2024,August,Q3,South,Texas,Electronics,Monitor,CUST-1137,Nida Smith,Home Office,R. Ahmed,3,16.35,0.25,12.26,49.05,36.79,8.7,26.1,10.69,29.06,Same Day,Credit Card,Returned,Yes
ORD-10498,2023-07-03,2023-07-07,2023,July,Q3,West,Oregon,Electronics,Tablet,CUST-1138,Nida Smith,Home Office,L. Garcia,12,320.6,0.0,0.0,3847.2,3847.2,214.01,2568.12,1279.08,33.25,Same Day,PayPal,Delivered,No
ORD-10499,2024-11-30,2024-12-02,2024,November,Q4,South,Florida,Furniture,Bookshelf,CUST-1139,Hina Khan,Consumer,A. Khan,8,2398.1,0.15,2877.72,19184.8,16307.08,1090.57,8724.56,7582.52,46.5,Express,Bank Transfer,Shipped,No
ORD-10500,2023-06-16,2023-06-23,2023,June,Q2,Central,Ohio,Appliances,Microwave,CUST-1140,Ava Ali,Corporate,L. Garcia,15,1628.01,0.0,0.0,24420.15,24420.15,995.68,14935.2,9484.95,38.84,Economy,Debit Card,Delivered,No
